0000
0000
0000
0000
0000
0000
0000
0000
0000
0000
0000
0000
0000
0000
0000
0000
0000
0000
0000
0000
0000
0000
0000
0000
0000
0000
0000
0000
0000
0000
0000
0000
0000
0000
0000
0000
0000
0000
0000
0000
0000
0000
0000
0000
0000
0000
0000
0000
0000
0000
0000
0000
0000
0000
0000
0000
0000
0000
0000
0000
0000
0000
0000
0000
0000
0000
0000
0000
0000
0000
0000
0000
0000
0000
0000
0000
0000
0000
0000
0000
0000
0000
0000
0000
0000
0000
0000
0000
0000
0000
0000
0000
0000
0000
0000
0000
0000
0000
0000
0000
0000
0000
0000
0000
0000
0000
0000
0000
0000
0000
0000
0000
0000
0000
0000
0000
0000
0000
0000
0000
0000
0000
0000
0000
0000
0000
0000
0000
0000
0000
0000
0000
0000
0000
0000
0000
0000
0000
0000
0000
0000
0000
0000
0000
0000
0000
0000
0000
0000
0000
0000
0000
0000
0000
0000
0000
0000
0000
0000
0000
0000
0000
0000
0000
0000
0000
0000
0000
0000
0000
0000
0000
0000
0000
0000
0000
0000
0000
0000
0000
0000
0000
0000
0000
0000
0000
0000
0000
0000
0000
0000
0000
0000
0000
0000
0000
0000
0000
0000
0000
0000
0000
0000
0000
0000
0000
0000
0000
0000
0000
0000
0000
0000
0000
0000
0000
0000
0000
0000
0000
0000
0000
0000
0000
0000
0000
0000
0000
0000
0000
0000
0000
0000
0000
0000
0000
0000
0000
0000
0000
0000
0000
0000
0000
0000
0000
0000
0000
0000
0000
0000
0000
0000
0000
0000
0000
0000
0000
0000
0000
0000
0000
0000
0000
0000
0000
0000
0000
0000
0000
0000
0000
0000
0000
0000
0000
0000
0000
0000
0000
0000
0000
0000
0000
0000
0000
0000
0000
0000
0000
0000
0000
0000
0000
0000
0000
0000
0000
0000
0000
0000
0000
0000
0000
0000
0000
0000
0000
0000
0000
0000
0000
0000
0000
0000
0000
0000
0000
0000
0000
0000
0000
0001
0000
0000
0000
ffff
ffff
0000
0000
0000
0000
0000
0000
0000
0000
0000
0000
0000
0000
0000
0000
0000
0000
0000
0000
ffff
ffff
ffff
0000
0000
0001
0001
0001
0000
0000
0000
0000
0000
0000
0000
0000
0000
0000
0000
0000
0000
ffff
ffff
0000
0000
0000
0000
0000
ffff
ffff
fffe
fffe
fffe
ffff
ffff
ffff
0000
0000
0000
ffff
ffff
0000
0000
0000
0000
0001
0001
0000
0000
0000
0000
ffff
fffe
ffff
0000
0000
ffff
ffff
0000
0000
0000
0001
0001
0001
0000
0000
0000
0000
ffff
fffd
fffd
fffd
fffe
ffff
ffff
ffff
0000
0000
0000
0000
0000
0000
0000
0000
0001
0002
0001
ffff
ffff
0000
0000
fffd
fffd
fffe
0000
0000
0000
0000
0000
0000
ffff
ffff
ffff
0000
0000
0000
0000
0000
0000
0000
0000
0000
0000
ffff
ffff
fffe
fffd
fffd
fffd
ffff
0000
0000
0000
0000
0000
0000
0001
0001
0001
0000
0000
0000
0000
0000
0000
0000
0000
0000
0000
0001
0001
0000
fffe
fffd
fffd
fffd
ffff
0000
0000
0000
0000
0000
ffff
ffff
fffd
fffd
0000
0001
0001
0001
0002
0002
0000
0000
0000
0000
0000
0000
0000
0001
0001
0001
0000
0000
0000
0000
ffff
ffff
0000
0000
0000
0000
0000
ffff
ffff
ffff
ffff
ffff
ffff
0000
0000
0000
fffd
fffb
fffd
fffe
ffff
0000
0000
0001
0001
0000
0000
0000
0000
0000
0000
0000
0000
0000
ffff
ffff
0000
0000
ffff
fffd
fffd
fffe
0000
0002
0001
0001
0000
0000
fffe
fffd
fffd
ffff
0001
0001
0000
ffff
0000
0000
fffd
fffd
ffff
0000
0001
0001
0002
0002
0000
0000
ffff
0000
0000
fffe
ffff
0001
0003
0001
ffff
fffd
fffd
fffe
ffff
0000
0000
0003
0003
0001
ffff
fffd
ffff
0000
0000
ffff
fffe
ffff
0000
0000
0000
0000
0000
0000
0000
0000
0001
0002
0003
0003
0003
0002
0000
fffb
fffd
0000
0000
0001
0000
0000
ffff
fffe
fffd
fffd
fffe
ffff
0000
0000
0000
ffff
fffe
fffe
fffe
fffe
fffd
ffff
0000
0000
0000
0000
ffff
fffe
fffe
fffe
fffe
0000
0001
0002
0003
0004
0003
0000
ffff
fffe
fffe
ffff
0000
0001
0002
0003
0003
0000
fffe
fffc
fffc
fffd
0000
0000
0000
0000
0000
ffff
ffff
0000
0000
fffd
fffc
ffff
0000
0000
0001
0002
0000
0000
0002
0003
0004
0004
0000
fffe
fffd
fffd
fffd
fffc
fffc
fffe
0000
0000
ffff
0000
0000
0000
0000
0000
0000
fffe
fffb
fffd
0000
0000
0000
0003
0006
0002
fffc
fff8
fffd
0000
fffd
fffa
fffd
0000
0001
0000
0001
0000
0000
0001
0003
0006
0005
0003
0002
0003
0002
0000
ffff
fffa
fffb
fffd
fffa
fffa
fffd
0000
0000
0001
0002
0003
0003
0000
fffe
0000
0002
ffff
fffc
fffe
fffd
fffd
fffc
fffd
0000
0001
0001
0003
0006
0004
0001
0001
0001
0002
0003
0001
0000
0001
0000
fffe
fffd
fffd
fffb
fffd
fffc
fffd
ffff
0000
fffd
fffd
ffff
ffff
ffff
fffe
fffd
0000
0002
0000
0000
fffe
fffb
fff8
fffb
0000
0002
0003
0004
0003
0000
fffd
fffa
fffc
fffb
fffb
ffff
0001
0003
0001
ffff
fffd
ffff
0000
fffe
fffe
0000
0001
0001
0003
0001
ffff
fffd
fffd
ffff
ffff
0003
0006
0006
0003
0000
0000
0000
0001
0000
ffff
0001
0005
0003
0002
0002
0002
0001
0000
0000
ffff
fffc
fffa
fffc
fffe
0000
0003
0000
fffd
fffc
fffe
fffd
fffe
0002
0002
0000
fffc
fff9
fff9
fffd
fffd
fffd
0003
0009
0007
0000
fffd
fffd
0000
0000
0000
0002
0002
0003
0005
0001
fffe
fffd
fffd
fffd
fffd
fffe
fffe
ffff
0000
0000
0001
0000
fffa
fff9
ffff
0003
0000
fffd
fffd
0000
0000
fffe
0000
0002
0000
fffe
ffff
0003
0006
0001
fffd
fffd
0000
0000
fffd
fffd
ffff
ffff
0000
ffff
0000
0005
0006
0000
fffd
fffe
0000
0000
fffe
fffd
ffff
fffd
fffb
fffb
fffb
fffa
fffa
fffd
fffd
0000
0002
ffff
ffff
0001
0003
0003
0003
0000
fffa
fffe
0003
0006
0005
0001
fffe
fffe
ffff
0000
0005
0005
0001
0000
0000
ffff
0000
0004
0005
0005
0004
fffe
fffd
0000
fffd
fffd
0000
0003
0002
0000
0000
fffe
fff8
fff9
0000
0006
0000
fffa
fffd
0006
0006
ffff
fffd
fffd
0000
ffff
fffd
fffe
0000
ffff
fff8
fff8
fffd
0000
0006
0009
0003
fffd
fffd
0000
0002
0003
0006
0004
0000
0000
0000
0000
fffd
fffb
fffe
0000
fffe
0000
fffd
fff7
fff7
0000
0006
0006
0000
fff7
fff7
ffff
fffd
fffe
0005
0006
0000
fffe
0003
0003
fffe
fffa
fffa
fffc
fffd
fffc
fffc
fffb
fff9
fffb
fffe
fffd
ffff
0001
0000
fffd
fffa
fffb
fffe
0000
fff7
fff7
0005
0006
0000
0000
0002
0000
0000
fffe
fffa
fffe
0005
0003
fffc
fffa
0000
0006
0004
ffff
fffd
0000
fffe
fffd
fff7
fffa
0003
0006
0005
0009
000c
fffe
fff4
fffd
fffd
fffd
0001
0000
fffa
fffa
fffe
ffff
fffc
fff9
fffb
fffb
fff9
fffe
0003
0000
ffff
0005
0006
0000
0001
fff9
fff8
0003
0003
fff6
fff7
0006
0007
0000
0004
fffe
fffd
0005
000c
0008
fffe
fff7
fffe
000b
0009
0004
0000
fff4
fff5
fffc
fffd
fff9
ffff
ffff
fffb
000c
0007
fff4
fff8
ffff
fff4
ffeb
fffc
000f
000c
0004
0004
0011
000d
fff4
ffe5
fff6
0009
0000
ffe5
ffe0
fffd
0012
000c
0007
000e
000c
fffc
fff9
0003
fff9
fff8
0003
0005
000b
0013
000f
0006
0006
0011
0013
ffff
ffe1
ffe8
0004
0000
ffe2
ffdf
0006
0021
0006
ffd7
ffd9
fff2
ffef
ffe2
fff2
0018
0033
003f
004e
0024
ffa9
ff58
ff61
ff8f
ffa3
ffab
ffda
0031
0059
001b
ffdc
ffdf
fff7
0000
fffd
0003
001a
002f
0024
ffff
ffd5
ffae
ffab
ffdc
0032
0087
00a6
0074
0020
0018
0067
006e
0018
ffdc
fff2
002f
005e
0081
00ab
00b4
0056
ffe5
ffd9
fff7
fff6
ffe2
fff0
0024
003e
0005
ffb7
ffaa
ff9d
ff5d
ff22
ff19
ff3e
ff72
ff8d
ff71
ff29
fef0
fefe
ff34
ff69
ff9a
ffd0
0001
001e
0024
0012
ffd0
ff75
ff71
ffe6
0075
00be
00c6
00d9
0113
0126
00d3
007e
0094
00df
010f
00ff
00ab
001e
ff78
fee4
fe85
fe4a
fe22
fe24
fe62
fecb
ff3d
ff94
ffbc
ffb6
ff91
ff58
ff1d
ff28
ffa9
005e
00db
0103
011a
015d
0198
016e
011f
013c
018a
01bd
020a
02a0
0322
02fe
021a
0108
0015
fef2
fe11
fe12
fe6e
fe38
fd79
fd24
fd93
fd3b
fa17
f558
f329
f46f
f721
f948
faa0
fc00
fde1
ff9d
002b
ff76
febb
fef9
0030
01c4
02f4
0350
02ff
02e9
0459
07ab
0a8f
0afb
0a41
0aa2
0bf1
0bca
08ac
0453
023d
0306
0336
0231
02c1
0506
0651
04d5
0195
fed8
fd45
fbf5
fbd4
fe08
ff05
fb8f
f587
f16c
f0ef
f14f
ef59
ecf5
efdd
f82f
ff28
02d1
0507
067c
05b3
01e3
fd77
fc5d
ff08
01dd
03d4
062c
07b6
0696
03c6
02be
05a0
0a11
0bba
0b32
0dbc
129f
1542
13c6
1033
0d21
0b04
08d6
06ff
0731
0767
03c6
fcd6
f5a7
efbb
ea96
e619
e40c
e61e
ea2e
eb6c
eab5
eba8
ee5b
f01d
ef98
ee72
ef54
f2c2
f6e7
fadc
ff31
02da
04cd
0610
088a
0cbd
1161
1523
1869
1c1f
1ed6
1f3e
1e79
1e09
1df7
1d55
1ba9
1992
17cf
1602
132f
0f51
0a9c
0537
ffac
fab4
f6a0
f2fb
ef05
ea8c
e618
e217
de96
dbbd
d9bf
d8b1
d893
d95c
dae1
dcbf
de88
e050
e296
e58e
e923
ed34
f1b7
f6af
fc05
017a
06c5
0bb8
1075
1517
199d
1e03
223b
260b
2917
2b13
2c19
2c8e
2c72
2b5f
2956
26bc
23dc
20a1
1cc4
1839
1340
0df2
0813
01c5
fb79
f571
efb4
ea3b
e519
e068
dc1a
d818
d4b3
d246
d0cd
d00c
cff7
d0b7
d26c
d4fb
d825
dbcd
e013
e4e8
ea22
efbd
f5c3
fc21
02a7
0923
0f71
157a
1b1e
203f
24e1
28f1
2c55
2eff
30f1
3228
3293
3213
309f
2e37
2b0b
2728
22a0
1d84
17f1
1203
0bd1
056e
fee8
f859
f1f1
ebd4
e61d
e0e2
dc36
d824
d4b7
d1fd
d008
ceeb
cead
cf37
d08c
d2ab
d588
d910
dd2f
e1d4
e6ee
ec5f
f211
f7eb
fde0
03d3
09a9
0f46
1494
197d
1de9
21cb
2511
27b8
29b8
2b06
2ba4
2b93
2ad8
2975
2770
24d6
21b1
1e06
19f6
1592
10ec
0c12
0717
020c
fd06
f815
f34e
eed2
eab0
e6ec
e393
e0b2
de52
dc78
db22
da53
da18
da85
db8a
dd14
df1b
e198
e480
e7c6
eb5c
ef38
f34f
f793
fbf5
006c
04e7
0947
0d71
1158
14fb
1851
1b45
1dcc
1fdb
217e
22a4
233c
233c
22ab
2193
1ffe
1df3
1b7f
18ab
1582
120f
0e5e
0a76
065a
020e
fdac
f957
f52c
f132
ed68
e9e3
e6bf
e401
e197
df7c
ddce
dcb2
dc32
dc3f
dce7
de29
dff3
e22a
e4c4
e7c4
eb1c
eead
f271
f691
fb18
ffb9
044e
08e5
0d7b
11e7
15ed
197c
1cbf
1fec
22e2
2541
26fd
2820
2891
283a
271f
2559
22f7
1ff7
1c74
18bf
14db
106e
0b6b
061e
00c3
fb51
f5a3
efe3
ea97
e630
e253
de8e
dadd
d777
d492
d251
d0d4
d04d
d0e4
d299
d561
d920
dd88
e21b
e6a3
eb5a
f0a1
f692
fcda
0307
093e
0fe7
1662
1b97
1f66
22aa
2625
29b2
2cb8
2f33
3148
326c
3226
3090
2dd2
29d3
2499
1ec7
1984
154e
10e2
0ad1
03f1
fd78
f782
f16b
eb1e
e5a6
e21e
dfe5
dcff
d987
d6f1
d4af
d247
d08d
d061
d1c0
d42c
d7ce
dd2f
e37d
e882
ebdb
ef20
f3e5
fa42
0102
06e8
0bc1
1068
155d
1935
1b81
1dbb
2083
232e
257b
27f9
2aab
2c09
2b44
295f
2670
21d5
1c4a
1764
1408
1167
0da1
07b3
00c3
fac6
f66e
f320
efaa
ebe3
e8b4
e662
e3f6
e0ba
ddb0
dae6
d752
d507
d522
d64b
d822
dbcd
e1a0
e776
eb10
ed6a
f0f0
f5e0
fc34
0384
0a31
0ec9
119d
1442
1717
18c5
1a4a
1dac
2189
251f
28d2
2bf6
2d4f
2cdb
2bd8
29bb
2455
1d18
1713
1355
10f8
0d9b
074f
fe6d
f577
eec5
eaa5
e7eb
e5cd
e4ba
e3f1
e1c8
ddff
d9db
d62c
d21f
ce3b
cd91
cf3e
d1aa
d602
dcc6
e3f2
e8c1
ea88
ebeb
f101
fb77
0744
1058
1626
19e9
1c85
1ddb
1df7
1e63
2133
2571
2886
2c82
31f2
358d
356e
32d0
2f4f
2a68
2319
1b9c
18a5
18e9
163e
0d8a
0162
f60a
eda0
e7e2
e46d
e344
e341
e277
dfe8
dc21
d857
d457
cf88
cb1c
c9e8
cc35
ce43
d06c
d67b
de19
e2a8
e3b4
e51a
eae2
f59b
027e
0e59
1689
1a84
1be2
1c5e
1cdd
1e3f
214e
25d6
2a7b
2ec0
3348
3634
3622
343b
313b
2cc5
270a
21ba
1ed6
1e2a
1bf1
1335
05d9
f847
ed98
e717
e473
e405
e3b5
e276
e05f
dced
d89a
d41c
cf2c
ca7c
c7fc
c8d1
cc22
d066
d584
db4b
dee5
df60
dfc9
e45d
eebe
fcd5
0a70
141a
190b
1b43
1cdd
1d4f
1d3a
1f28
23a7
28ee
2da3
327f
37cf
3a87
37fe
3354
2ec8
2a41
25c8
22a7
21b7
2100
1be5
0fa4
ffe8
f330
ead5
e5c4
e32c
e2d1
e3d2
e3e2
e093
da50
d499
cffc
ca62
c5ce
c544
c87f
cd09
d16e
d669
dc19
df5b
de13
de8a
e63b
f41e
0341
0f4f
16ef
1b30
1d55
1d3c
1b72
1c4d
2102
269f
2b89
308a
35c8
394d
3906
35c4
319c
2c72
268c
227a
21dd
2266
1f53
15a3
0704
f879
edfe
e87b
e5e8
e568
e63b
e662
e412
df6d
da17
d4d2
cee3
c9a0
c7ff
c997
ccf1
d18f
d736
dc9d
df7e
dec0
dd35
e128
edaa
fd69
0af8
138e
176e
187d
186a
1812
187a
1b25
1fdb
24f3
2a90
3026
3422
359a
34b5
31bc
2c70
2580
2028
1f40
20e9
2067
19c2
0cf9
fe11
f22c
ebc0
e950
e87d
e8ee
e95a
e7f4
e4cd
e0a2
db82
d57a
cfec
ccf3
ccf0
cf18
d2e8
d7fc
dd48
e10b
e1ea
e10c
e2a2
eafa
f964
0780
10ae
15cb
1815
1862
17d6
17b9
18dd
1b90
2061
2770
2e0b
321c
33c5
3318
3009
2b34
25bb
20ba
1d67
1d34
1e48
1a87
0fa9
00ed
f3be
eb84
e804
e6e5
e68c
e715
e7d5
e671
e22a
dc33
d663
d1b4
ce41
cc64
cd5d
d1d3
d7da
dd68
e218
e457
e3d4
e3e7
e91a
f4eb
03fb
10b3
17d2
1a14
1aac
1a85
19df
19b9
1b9c
2046
26ac
2c9b
30d8
3397
3435
31e9
2d66
27ba
21ec
1d85
1bef
1c7e
1b5f
143a
06fe
f8e5
ee66
e898
e5cf
e478
e467
e5c7
e70e
e554
df0c
d79b
d1f6
ce6b
cc66
cc56
cf10
d450
da75
e020
e3f5
e4c8
e4af
e7cb
f090
fd8e
0a89
13bc
188a
1b1a
1cb9
1c77
1b19
1b57
1f03
2516
2ae7
2edd
3183
336e
32f7
2f37
2a89
252b
1f8c
1bdb
1b24
1ad0
15eb
09be
f94f
ec65
e6d9
e4ef
e370
e2b5
e37c
e428
e1e3
dc2c
d5dc
d152
cddb
cb95
cc17
cf27
d318
d741
dc3f
e1b8
e4c5
e3f3
e548
ee72
fd58
0bf7
15d8
1ab3
1cf5
1e6c
1ea5
1d5f
1dac
21ab
2771
2d09
31a1
346b
344d
3121
2cd0
29eb
27ba
231e
1deb
1b2b
19cf
15c0
0c03
fd9b
ef17
e554
e18e
e08f
e029
e11c
e223
e0b5
dbe8
d524
cebc
ca6c
c991
cc7d
d035
d2de
d573
d962
de70
e2eb
e58a
e74a
eb90
f625
0606
1476
1ce2
1fbc
1fd8
1f2c
1e57
1e42
20a7
25db
2bf7
30de
3348
32c9
3039
2cf2
29df
26e2
2315
1df1
193a
1717
154e
0f36
02b8
f2ed
e5f3
dffa
dfd4
e103
e1b4
e265
e136
dd2d
d7ce
d2c9
cef0
ccea
cdb2
d165
d5fd
d8f7
db46
df13
e42f
e83f
ea42
ecc8
f448
0251
1273
1ce6
207b
2119
204d
1e45
1d04
1f43
250b
2ae1
2e80
319e
3376
316b
2d06
2962
274a
24eb
205d
1a43
15cc
14f4
12ad
08ee
f9e5
ec2d
e38f
df7a
de34
df72
e2b4
e401
dfd0
da47
d618
d22a
cead
cda9
d015
d442
d7b8
da5b
de4a
e467
e9bf
eb9f
ebf8
f001
faae
095a
160e
1d73
210e
21cf
1f44
1bfe
1bd2
1f59
2460
2904
2d25
3083
3108
2da4
2907
24ed
2140
1d16
1854
1482
133d
1316
0e86
01bf
f2e5
e857
e1e1
de5d
de7e
e233
e64c
e647
e152
dae9
d570
d14c
cff2
d1fb
d612
da09
dcb2
dee3
e298
e7eb
eaa1
ea28
ecbc
f62e
03b0
103b
1944
1f16
2193
1f2f
199b
173f
19d6
1f36
258c
2ba0
2fbd
3018
2cac
281c
2538
2358
1fb6
1aa3
16f2
15e5
14f1
0ff1
0559
f83a
ecfe
e553
e0f3
e0c7
e3f5
e722
e750
e3f3
de7f
d879
d305
d075
d21a
d596
d872
da68
dd22
e1df
e782
eb0f
eb27
eb60
f1d4
fda5
0aa3
1569
1c57
1f0e
1e2c
1b6f
196e
1a2b
1e2d
240d
29ae
2cee
2d0a
2af9
288c
26f5
25a0
2253
1bf0
162d
140d
13e0
119c
0a51
fe42
f0d5
e687
e1cb
e1a0
e39e
e5af
e654
e4a6
e092
dafc
d5c6
d309
d38d
d5f7
d86b
da3c
dc0a
df41
e410
e8c7
ebbd
ed85
f109
f915
060c
1353
1b9c
1e14
1d46
1b86
19ef
1980
1bd5
218d
2885
2d30
2e41
2c21
28ad
25f5
246f
22bf
1f6b
1ae5
16f1
1466
1254
0de3
03f3
f5c9
e8e7
e1fd
e10b
e2d5
e5a4
e884
e826
e3be
dd75
d7d8
d496
d419
d5a2
d7d0
d993
dae9
dd65
e215
e797
eb5b
eca4
edef
f378
ff8c
0f45
1bad
202b
1fab
1c95
1922
1836
1ae2
1f97
240c
27d9
2b7f
2d5a
2c65
2a96
28d4
25db
20a6
1a61
15be
144f
1484
1271
09fa
fc51
ee38
e428
dfc6
e060
e3d0
e70f
e73f
e434
e027
dbcc
d775
d492
d3c2
d459
d590
d7b9
dc00
e290
e8a7
eb3d
ebae
ecd9
f13c
fa5b
0748
144f
1d04
200c
1f28
1bfb
1926
18f4
1b54
1f31
23ce
2854
2b29
2b22
29d1
2954
2781
2268
1c09
17a8
1629
15ad
1373
0d95
030f
f531
e947
e230
dfed
e174
e4af
e72f
e7a3
e639
e2ad
dc08
d5e2
d42b
d4f6
d54c
d5c0
d8f6
df81
e644
e9b7
ea86
ec48
f015
f6a5
00ef
0d6c
186c
1ec1
2002
1e4b
1c29
1a88
1938
1a65
1fcf
26e9
2b88
2c7c
2c40
2cf0
2c57
26b2
1e72
1941
1744
15a3
12d5
0e55
06cd
fabd
ec50
e1e0
deed
df0f
dfcd
e149
e3c7
e5c3
e484
deeb
d7e9
d44a
d41a
d330
d2d5
d658
dd27
e395
e71a
e88e
ea57
ed13
f15d
fb83
0acd
188e
1fbd
20e1
1f92
1e6a
1d4a
1b51
1a10
1dfc
2584
2b5c
2db8
2e86
2ee2
2d5b
2880
223b
1e33
1c6c
19e0
167a
124e
0b0d
fec8
ef82
e2f9
de2c
e06d
e401
e54e
e65c
e739
e4f4
de7b
d6b8
d1a7
d027
d002
d0dc
d559
dbd7
e0f4
e3dd
e63d
e977
ed52
f17e
f82c
0526
1681
21f3
2408
2161
1ea9
1ca5
1aa7
1a01
1d97
2534
2bb6
2e08
2f0c
2f6b
2cfd
271d
2059
1bc9
197a
169b
1256
0f6c
0c43
03d4
f580
e6f8
deaf
de07
e0f0
e35f
e61d
e99b
e854
e172
da0a
d54c
d27e
d09e
d114
d5d1
dd2f
e309
e63a
e8f8
ec40
ef69
f247
f714
00e6
0f8a
1d03
22b1
21b7
1fab
1c62
1896
17a7
1b59
2196
26de
2a60
2d51
2e9a
2c96
27f4
2269
1da9
1a2e
1725
13b1
0feb
0bac
0434
f7d8
eb0b
e25d
dee2
df30
e1aa
e513
e78d
e686
e19d
dc0d
d7bc
d4b0
d37d
d44e
d6c0
da9e
dfdc
e569
e93e
eb48
edbb
f199
f7c3
00f9
0c84
17d0
1fa4
2241
20c0
1da6
1a66
1875
1a01
1f38
25ca
2acf
2cd0
2c5b
2af0
28e7
2439
1dcc
18e4
1678
14c4
1205
0daf
076d
fdfb
f12a
e5d9
e159
e197
e2a9
e42f
e704
e956
e752
e03f
d90f
d63f
d624
d66f
d7c3
db58
e0ce
e607
e935
eade
ed12
efe7
f317
fa2a
0666
1344
1b79
1e16
1df1
1d30
1a82
1566
1407
19c2
2139
25fc
2801
28a3
2823
25b0
211b
1b93
172b
14db
1344
11a3
0f77
0acc
0177
f426
e7a3
e155
e113
e21b
e42b
e8ab
ec52
eb0c
e50d
de32
d9b3
d78f
d723
d8d9
dc24
e0a5
e56e
e8e8
eabf
ec02
edc2
f063
f5aa
0146
1065
1b0f
1f1a
1f6b
1e21
1b11
16a1
143c
1763
1e3f
23c0
2731
292d
296c
27a7
23eb
1ed8
19a6
15a8
12f0
10f0
0fe4
0d8c
0607
f93c
ebad
e25c
dea8
de6c
e01f
e45d
e8de
e996
e628
e0f3
dc02
d81d
d5a4
d561
d7e8
dca5
e222
e73b
ebba
ef18
f0a7
f14b
f41a
fc4a
097b
168c
1df4
20a4
20c2
1e9d
1af1
1804
181c
1b7d
203c
247e
27e8
2a1a
29cd
26af
2229
1d91
18f6
1410
0ff4
0e82
0e6e
09bb
ff0e
f253
e841
e2f3
e1a9
e2b0
e505
e80b
e9df
e817
e417
dfe2
dbed
d8aa
d76e
d930
dd16
e0e8
e3fe
e853
ed55
efef
f0b8
f364
fa97
058e
10e6
192f
1cf2
1cd8
1a8a
17fe
1695
16e6
18e4
1c52
209a
2493
26c7
2673
23af
204c
1d93
1ac2
1716
1393
1169
0f75
0a83
0157
f632
ec0e
e586
e3f9
e5b1
e7d1
e8da
e8f3
e84a
e63b
e2c0
ded3
db79
da34
dbd7
def4
e17f
e335
e59f
e923
ebae
eda2
f24d
f9a4
0294
0c5c
14ff
19e8
1a62
18e1
1802
17c6
17fd
190d
1b05
1e12
21d6
24e7
259d
239a
205e
1d97
1b1f
1854
159c
12a9
0e7e
08c2
01ce
f9b6
f060
e839
e56f
e592
e58a
e5c0
e6b1
e754
e680
e44a
e146
dd55
d9c0
d9c4
dd2c
e11b
e3c3
e58a
e78f
ea4f
edc3
f26c
f8c7
00ba
09c8
1224
1794
19df
1a43
19c4
1893
175b
176c
190d
1c0b
207e
24f1
2727
25fe
2264
1e8f
1bfe
19f5
171f
1440
1110
0c2a
0591
fde9
f585
ed39
e73e
e562
e5d6
e635
e70d
e824
e85e
e715
e3f0
df18
da1d
d82b
dae7
df09
e165
e398
e6c2
ea05
ecf7
f0a6
f61c
fcb4
03bc
0c2f
1473
19a2
1b70
1b0c
19ce
18c4
184d
1815
187e
1c41
234a
2796
2688
22bd
1f6f
1d0d
1a0e
15f8
128d
1085
0cf4
0747
0173
fb33
f342
eaa1
e481
e334
e580
e7c6
e802
e851
e98b
e893
e332
dc1f
d8a3
daf9
dfba
e266
e440
e8cf
ed28
ef06
f0bd
f4b7
fa6b
003c
06c9
100c
1a0d
1e3e
1c40
189d
16dc
16d9
16b5
1671
18cf
1fa8
2725
2850
2462
2088
1d51
1956
1500
11fc
1085
0e67
0a08
04cb
feea
f633
ebd2
e42f
e254
e531
e8ce
ea10
e981
e9c4
e9d4
e5ee
df2f
da1d
d95a
dbfd
dfd1
e3da
e86d
ecf3
efcd
f1cc
f4a3
f87b
fd5f
0437
0d84
177c
1e18
1e42
19f6
1766
177a
1742
1649
1701
1b02
20ca
2515
262e
2496
20a9
1b33
15c6
11d4
0f37
0cae
0949
0524
006b
f9e1
effd
e62c
e1c7
e36e
e6cf
e82a
e7dc
e88d
ea68
e9c5
e4a4
debd
db41
da65
dc1d
e09b
e70b
ed1e
f095
f1e8
f43b
f8d7
fd76
0255
0999
1352
1bef
1f20
1c5c
185d
17c9
1845
1682
1614
197e
1ee9
237d
25fc
264c
23be
1d93
157e
0ff0
0e49
0dfb
0bf4
07a5
025c
fc85
f484
e9aa
e08f
e069
e504
e817
e905
e9da
ea95
e947
e4f9
df38
da31
d7f5
d938
dd46
e3e9
eba6
f11e
f261
f1a5
f354
f82c
fd51
045f
0f2b
1976
1e3c
1d31
19d1
173f
15b7
146a
146d
1797
1cf5
22cd
26f5
280a
25e3
20d6
1973
11b4
0d8f
0e32
0e98
0ca6
08c0
022b
f84d
ecf2
e42c
e13e
e38f
e722
e926
ea94
eb9b
eabe
e6f3
e0e9
dac0
d6c3
d64b
d955
dfab
e77e
eda2
f01f
f033
f07d
f2be
f785
ff66
0ac3
16ea
1dc7
1d74
19e9
17a2
16f2
15f6
14e4
16f4
1d41
241c
289e
2aad
2981
24d4
1dd0
16e0
1287
11b2
1257
10e9
0c86
0672
fd2e
f0a2
e530
e022
e22d
e681
e852
e8e1
ead6
eaa9
e681
e087
dae1
d6d9
d588
d7d6
dd72
e4be
eb60
ee82
eecc
ef57
f1ef
f68e
fd5f
0736
1383
1dfd
2126
1d70
19b9
17c9
167d
15d3
16f1
1a7f
1fe3
25da
2a32
29a3
2546
1f86
18e1
12a8
0f30
0eeb
0f06
0c29
0689
ffa1
f571
e92d
e0d1
dfd0
e392
e733
e85d
e857
e88a
e82a
e542
df9f
d9ba
d6d8
d7ab
db0d
e03a
e6f5
ed2d
ef71
ef89
f265
f6e7
fbd3
0339
0e29
194a
1f19
1dcf
19d3
181a
1848
1872
18b0
19fe
1d29
21f6
26d3
2985
28aa
2443
1d76
176e
1435
12ac
1071
0cbc
0843
02df
fa63
ee3b
e452
e20e
e4ed
e834
e975
e8de
e79e
e65d
e4a0
e144
dc56
d84e
d6df
d8d0
ddf0
e409
e83e
e9cd
eb0c
ee83
f377
f8b6
fffa
0a11
14a6
1bae
1cb7
1931
1599
1578
17bc
1904
1a04
1ccf
2135
25c8
2906
297c
262a
1fb4
193a
1624
15d8
14fc
118c
0bc6
04cd
fcc2
f2fb
e862
e120
e153
e6a9
ea52
ea33
e83a
e68d
e4e9
e1a7
dc8f
d7da
d579
d651
db46
e2a7
e865
eaa3
ead3
eb9f
eecc
f4bb
fcb7
058e
0f82
196e
1ee0
1d6a
1820
1458
1494
16dc
18c2
1b33
1f93
2477
2894
2a5e
284f
22a3
1b8d
15b1
1276
1272
137e
1038
08c0
0072
f7a8
ed82
e42e
e070
e3e2
e99d
ec27
eb77
e99c
e782
e4cd
e0bf
dbb2
d77a
d64d
d937
dfba
e77f
ed07
ee8c
edc4
ee7e
f2e0
f9f4
01e7
0b4b
16e3
1f4a
2033
1cbc
18f9
16bc
1652
1780
19d6
1ce4
20f1
2646
2ab7
2b56
2705
1f19
1693
10b3
0f02
0fd2
0f03
0a55
038d
fae3
eff4
e5f9
e086
e041
e326
e6b5
e8fd
e8b4
e707
e575
e2cd
de95
d9cb
d661
d6b6
dc11
e4ad
ec10
ef98
f038
efc2
f169
f73f
001a
09cc
1344
1bc5
2059
1e81
19e2
1705
1684
17ce
19f1
1c36
1eed
2314
2830
2a7f
2677
1f6c
186c
12bb
0fea
1049
1106
0ddf
05d3
fc73
f399
ea73
e365
e100
e327
e79d
eb23
eb3c
e7fb
e470
e2a7
e007
db8d
d845
d8f1
dd56
e335
e8a2
ecf5
ef76
eef8
ee87
f38b
fce8
06ae
0f4b
16df
1c9b
1e4e
1af5
1514
120a
1489
1912
1c1f
1e3a
21aa
2639
2898
2620
209e
1b77
1614
10e6
0f42
109f
1037
0ac1
0194
f836
ef83
e68c
e029
dfd5
e4c4
ea99
ece6
eadf
e73a
e491
e1fd
dd09
d7e4
d75b
dad6
dff1
e5c8
ebdc
f080
f1e2
f0eb
f20e
f86a
0117
0957
11d7
19fe
1f0e
1ec0
19e9
148f
1311
1626
1995
1b5a
1e3c
22d1
261b
25c4
2265
1dd9
1855
11ca
0dce
0e0b
0e4f
0afb
03e5
fb41
f32a
ec02
e527
dff8
e14f
e8bc
ed49
ec08
e8da
e6a4
e45e
e04f
dc00
dad2
dcf7
e023
e461
ea64
f066
f382
f339
f2eb
f71c
005f
09b0
0fdd
16f8
1e48
200b
1b48
1565
13cc
1681
1969
1aef
1e0f
2306
256d
2440
21c9
1ef4
1a88
143d
0f0d
0e6d
1071
0e09
05e8
fc34
f43a
ed7b
e691
e115
e106
e715
ecda
ec5d
e96e
e6c1
e2d2
ddf5
daf5
db7f
de1f
e070
e2fc
e7f3
ed88
f072
f0d0
f15d
f521
fcbd
05df
0dc3
14c4
1cc8
20b5
1cb4
1649
131e
1386
15ea
19c7
1edc
22f8
2415
2346
21d8
1f9a
1c27
174f
124e
0f5b
0f3a
0f3c
0b49
0320
fa59
f1b9
e926
e310
e221
e601
eb3c
ee15
ed31
e954
e4de
e1d2
dfb1
de2c
ddf7
df42
e19a
e4fc
ea10
ef88
f181
f09d
f136
f5fe
fe72
0806
1088
1745
1bda
1c2e
16b9
10e6
1044
13bb
1798
1a57
1cf4
2026
2268
21db
1fd2
1e14
1a7f
14c1
0ff2
0e82
0f77
0f01
09e2
00e3
f88a
f1dc
e977
e3bf
e60e
ecdb
f0e5
efc7
ecfa
eb35
e899
e497
e1d1
e09d
e075
e12e
e34d
e7cc
ee43
f390
f3eb
f149
f3e7
fb18
0189
075b
0f45
1794
1aed
1721
1195
1038
1187
12d8
14ed
17a0
1a8e
1d64
1f68
1fdd
1ed8
1c41
1604
0e46
0b1d
0c3a
0c41
0837
01d7
fbdb
f5a8
ecd1
e406
e33d
e821
ec27
ed5c
ed31
ec76
ea9c
e767
e3dc
e0db
df12
dee8
e0ab
e5b1
eda2
f4ac
f709
f5ad
f628
fb41
00a8
0528
0d17
16dc
1c7a
1b8e
171c
1356
114a
1027
1110
14b9
18f9
1d0a
2019
2143
2057
1d13
16d5
0eab
09b7
0aee
0bb6
0904
04d2
ffa3
f80a
ee33
e5a7
e28d
e52f
ea1c
edfb
ef8f
ee9c
ebb5
e7b2
e36d
dfb8
dd59
dcdc
df04
e50e
eceb
f2b9
f450
f35c
f357
f649
fbae
0270
0ae6
1439
1a80
1b8a
1850
13ce
10dc
10a3
12a0
15c4
1972
1d1a
1fe9
21b1
21c8
1ea7
184e
116a
0d43
0c90
0d0c
0ca5
0987
0327
fb47
f34d
eb90
e5b8
e4a4
e92b
ef38
f154
ef17
ebfd
e8b1
e556
e276
e02a
de8e
debe
e270
e935
ef89
f294
f2ca
f280
f496
f9f2
0120
0850
0f3b
1626
1ae6
19e4
1539
1110
0ff7
11dc
1535
18a8
1bd0
1eb8
20e8
2146
1ec9
1938
12ae
0df9
0c12
0bd3
0b19
07f8
0189
f9de
f3e9
ee30
e825
e50f
e780
ed7c
f225
f2d6
f124
edd8
e84e
e41b
e22d
e072
df93
e1e4
e754
eccc
f09a
f367
f37d
f39e
f8bb
00d2
07bf
0d84
1420
1a70
1c0f
1840
131b
0f81
0f12
1257
1732
1b2f
1d54
1e13
1e0f
1d5c
1afd
164f
115e
0de8
0d05
0de3
0d3e
085b
0027
f825
f0b7
e90e
e4d8
e5a0
e933
ecd3
eed5
ee65
eb24
e5ce
e153
e040
dfce
df48
e0e0
e476
e8cf
ed10
f064
f1d8
f2f9
f714
fca4
0300
0bd9
1518
1b90
1e0d
1d2a
19ec
163e
1547
17fa
1b19
1cf8
1e5d
2007
2133
20b8
1e54
1a7f
1580
1116
0ec0
0cff
0ada
07a7
02b2
fc22
f4b8
ecd8
e542
e24a
e60a
ea86
ecf9
ed04
ea3f
e5f8
e2f6
e248
e116
de16
ddb5
e10f
e5e6
eab9
ee7e
f0ad
f1c7
f355
f6cd
fc27
02e4
0beb
1519
1a7e
1baa
19d8
15e0
11ed
12bf
19c1
1ed8
1e97
1fe6
230e
2490
229b
1df1
1876
1373
0ef1
0bbc
0c72
0ce4
086f
0045
f74b
ef08
e7f8
e2ee
e184
e577
ecfc
f097
edf3
e82e
e36b
e16b
e070
de58
dcdc
e078
e713
eb05
ef3a
f395
f484
f2f4
f383
f90d
01c1
0a62
11d3
1871
1cf4
1bed
157b
0efe
0dcb
1274
1904
1d8e
1f8c
20fd
22a4
2238
1ef9
1a7c
151d
0e82
08a6
0795
0a65
08a9
007f
f887
f24e
ed0e
e916
e812
eb53
f18a
f626
f4fd
ef9d
ea61
e623
e2f5
e114
e0a6
e15e
e2d8
e56e
ea25
effa
f34a
f386
f364
f656
fd6c
066f
0e3f
13da
1818
192d
14d2
0fb3
0e53
10da
1567
1a61
1e8f
20bb
20ca
2057
1f35
1c8d
18a8
1361
0e15
0b40
0b05
09ef
04a5
fc5b
f3a0
eb9f
e635
e4d6
e726
eb50
ef2b
f104
efb3
eac7
e50d
e310
e2cd
e260
e378
e6d5
ead4
edf7
f0ef
f42c
f528
f3dc
f63d
fdb6
0690
0dc6
12fb
1690
17b2
1521
0fa6
0b45
0bd6
103f
15bd
1a4c
1ceb
1dcc
1db2
1cb6
19f8
1689
13f8
110f
0e9d
0d88
0bfa
0768
ff65
f64f
ef3e
ebb4
ea25
ea15
ed37
f195
f349
f0ac
eb75
e6c4
e46d
e360
e19e
e1bb
e522
e905
ebb7
ee18
f0d9
f312
f439
f6b7
fcda
03b7
08f6
0d3c
1046
1155
1071
0e6e
0ca2
0d6b
126f
17d4
1b06
1ddd
203a
20ee
1ff2
1e2b
1c03
1914
152d
11c7
1068
0e4a
08f9
01d8
fafa
f490
edff
e891
e6e1
e8da
eab0
eab4
e956
e69f
e348
e0e8
e022
dfa9
deaa
df50
e37d
ea28
f185
f649
f787
f82c
fb78
0129
0663
0ad9
10c6
164d
18a4
1831
1618
12e4
0fd8
0f45
1240
1626
1823
19d1
1b93
1bc6
1a66
17ce
139e
0e88
0bb0
0d3f
0eb5
0ab7
0496
fe3e
f7b2
f149
eb91
e7bc
e7ae
ec3b
f1e5
f310
f022
ec51
e8e4
e5ec
e3bd
e292
e212
e24e
e56f
ebe9
f04e
f140
f12b
f23f
f646
fd33
049f
09df
0d6b
10be
1215
10ae
0d5c
0a7f
0b56
10aa
17a0
1c66
1e7e
20c1
2390
2372
2079
1cad
1916
1658
1474
1211
0d57
0716
00c2
f927
f236
ed97
eae8
eadc
edac
f0d3
f079
ec82
e7ab
e34d
e0ae
dfd7
df83
df57
e053
e3b9
e944
ee57
f064
f103
f2d7
f6c7
fd15
03a1
08ca
0d46
11ac
135d
1077
0d7b
0c79
0c6c
0ef3
12f8
15b7
16c7
1845
1b48
1de3
1d5c
18c6
145f
12db
1281
10be
0cf5
0843
03b5
ff49
fa55
f596
f319
f24f
f2c3
f52a
f820
f82b
f3b3
ee2d
ec5d
ee16
eece
ec30
e8bf
e8ab
ec7a
f123
f3db
f4bd
f528
f686
fb98
02a3
0713
077a
0724
0925
0b8a
0923
019e
fd3a
017a
07fe
0b29
0a1d
08a7
0a50
0e3b
10be
108c
0f18
0da9
0f44
1036
0d9b
0c60
0bfc
063f
fc69
faf4
02e8
fe64
f21c
f679
0219
04c2
fd3c
f446
f159
f463
f72b
f35d
ed03
ec96
efb9
f163
f20b
f4e4
f946
facc
f93f
fc8b
0528
0787
0567
0440
03a6
025b
0081
feb6
fdea
0192
0a3d
0e2d
0b9d
0900
07b9
0551
0145
fd3f
f9ac
f56f
f2f7
f6f5
fee6
05ac
08b6
0af4
1116
1a64
2046
1ed5
1c62
1e22
1cf5
1588
0adf
0113
fac9
f733
f336
ed1a
e701
e195
da65
d59f
d642
d81a
d7b9
d7f1
ddea
e9c6
f52f
fb15
fd46
003a
0408
0750
09ea
0cec
118a
17e0
1e11
208e
1e37
1bff
1bd8
1b76
18b3
1367
0d5f
08cc
063b
03c7
ff8e
f9d0
f4ef
f384
f520
f719
f859
fa0a
fcf8
ff7c
002c
ffd8
ffe5
01ca
05a9
0939
0a53
0931
077c
056e
01c5
fe34
fcb9
fad4
f777
f439
f292
f257
f1ba
eec9
e9c3
e695
e778
e97d
ec4c
f165
f8a5
ff90
03b2
057f
0828
0ce4
1021
105e
0ecb
0ccd
0b2b
0903
0597
0279
0265
03c5
02c3
0267
0401
0548
058c
0459
0115
fcfc
fb80
fd4c
fde8
fe47
0275
0740
093f
0958
0941
08ca
073e
0642
0717
0746
0543
0203
ff06
fd2f
fc19
faba
f88c
f634
f547
f78d
fa85
faf1
fa72
fb5a
fd0c
fe1d
ff01
0154
042d
04a1
02c0
0100
ff97
fd30
f961
f5f1
f505
f61f
f592
f1a2
ee93
edeb
ed70
ed00
ed41
eec0
f241
f832
ff03
0441
083c
0be1
0fde
151e
1a38
1d61
1f0c
2136
241a
2514
21d8
1bbb
15b4
105f
0b85
0691
0075
f8f2
f1b3
eced
e9f3
e766
e56b
e3d1
e3b6
e6a3
ec22
f18a
f44b
f4dc
f7a5
ffc4
06da
0927
09bd
0b23
0ce9
0d0d
0a23
04b3
ff87
fc68
f99a
f691
f28e
ed41
e922
e859
ea01
eb8a
ecfb
f059
f68a
febc
06ff
0d0e
10b6
1458
1a40
216e
25d1
260e
261a
263f
2443
2013
1963
10c8
08a3
033f
ffe1
fb5f
f372
ea1b
e40b
e175
e011
df68
e01d
e267
e629
ebed
f27a
f6b9
f973
fce9
02a2
09ea
1046
1419
1622
17ad
17db
1479
0d57
05b2
00c2
fe44
fc22
f8d7
f414
ee6f
ea32
e99a
e9ec
e9e5
ec1e
f1b8
f955
009e
0612
09c1
0cc5
0ff0
13b2
17cb
1b28
1d10
1d69
1c5c
19b2
1478
0bd4
01dd
fba1
f8aa
f57d
f0a7
ea11
e3a7
dfc9
de9d
ddec
ddf5
e278
ea31
f23d
faf6
0354
097e
0d56
10f4
1672
1d74
22de
241e
2412
241e
21c3
1a5d
0f0f
0458
fdef
faee
f71f
f074
e9bd
e530
e1f0
de7d
db6f
dadc
de37
e52a
ee8f
f85b
ffc1
04ef
096f
0e97
14a7
1a3d
1d7a
1e1b
1e3c
1f4b
1e27
1764
0c54
01eb
fbd8
f947
f627
efab
e800
e43a
e41c
e281
e08f
e15b
e61a
ee8a
f89d
0106
05e2
09ba
0fa4
160e
1b75
200d
23f2
26d4
2848
27e6
24a2
1c4c
0eb7
02ec
fca2
f824
f27f
eb5b
e3eb
ddf7
da93
d89d
d5be
d3f9
d7ff
e14b
ebed
f4a8
fac1
ff91
0544
0d47
160d
1ac1
1bab
1e23
21f4
2332
1f1d
1644
0c08
042e
ffd9
fc73
f77b
f178
ebc9
e816
e64a
e492
e23f
e1e8
e784
f2c0
fd82
0402
07fa
0bee
1167
17e9
1d8e
20f6
22af
2415
2520
2357
1bfa
1064
0525
fcde
f6e0
f10b
ea12
e227
dbd9
da07
d91e
d617
d2a6
d383
db62
e7a0
f24b
f879
fd62
0482
0d42
1541
1a89
1e5a
22bc
2723
28a1
2574
1e8f
15fb
0e90
08d5
03f0
feb4
f7ce
efa1
e887
e460
e1be
de7e
dc77
dff6
ea1f
f639
ff22
0407
0767
0bc6
1224
196f
1d2b
1e79
21bd
2626
275d
2199
1578
0868
0047
fc33
f6c4
ef53
e7b9
e22c
de9a
d9e4
d33f
ce59
cf54
d5a3
e000
ecc2
f77a
ff90
05a1
0af1
1196
19e6
213a
258d
29fe
30c6
341e
2e73
215c
13bd
0a75
0555
00e7
fa0a
f003
e840
e631
e28b
dac2
d2f1
d0ae
d792
e5c4
f382
fa07
fdba
03f1
0978
0d47
0fcb
132c
19b0
224a
2877
28df
22da
15db
08ad
ffb8
f9df
f57d
f0b2
eacf
e5ab
e3ba
e1ef
dbaf
d52d
d45b
dcba
ec17
fb2f
04b0
0976
0e1e
14f7
1ba8
1ded
1fcf
2587
2d32
32cb
31cf
277f
16bb
091c
035e
fe6a
f71d
ef17
e8c1
e58d
e238
db2a
d22b
cd5e
cee9
d7c1
e681
f2ef
fb1f
01c1
07f5
0d99
12ca
17c2
1c8c
2295
291a
2cfd
2a15
1e2d
0e6a
0276
fce6
f9a9
f45e
ec7a
e5d5
e3d9
e1c4
dc46
d69e
d5bd
dc54
e921
f718
fffb
04e9
0b37
11a6
16b6
1ad0
1fa2
2634
2d1a
311b
307f
29b8
1aca
0bc4
0212
fc74
f8a4
f443
ed8a
e522
de42
d7e9
d018
cc07
cdcf
d64b
e4dc
f43f
fe9c
0320
0603
0a2c
1050
16da
1ca7
2349
2aef
310e
315c
28cc
194f
0b44
04bc
018d
fe1f
f940
f2ce
ec7e
e62c
de01
d47a
ce98
cfe5
da68
eaea
f90e
0122
050b
07b6
0b53
10af
1656
1a84
208d
28fe
2e32
2b3d
1eac
0d70
ff21
f760
f37b
f02f
ec79
e82d
e5a3
e2b4
dc0b
d3f4
cfee
d414
e09f
f1f9
0078
07b7
0c9b
1127
157f
1941
1c37
1fbf
25da
2da2
31f9
2d5f
1fc3
0fc7
0370
fc29
f891
f610
f24c
ecee
e86d
e43f
dc33
d392
d051
d655
e437
f356
fd62
01b1
0432
074a
0bf2
10ac
14af
1a43
21b6
2877
2abd
2534
16f2
0646
fd48
f996
f6c6
f454
f0d9
ec03
e637
df0a
d63a
cfda
d116
da6a
e941
f882
02fd
0825
0af7
0ed9
151d
1c82
22ce
284c
2e05
32b9
325c
28ee
18d2
09cd
01a4
fe6e
fbd2
f713
ef01
e7ee
e286
db34
d293
cdb4
d0d0
db36
e8f9
f3df
f92e
fd2b
00c5
0495
0a56
124e
1af7
22db
2961
2cdd
29ff
1fa1
1152
0546
fe50
fb90
fa3c
f734
f0ac
e93f
e3ec
dd96
d6d8
d41d
d892
e41e
f294
fe0d
037e
059c
08b2
0e5e
14ca
1a86
208a
2775
2d8f
2fa2
2b3c
205b
132f
0a26
0478
000c
fba7
f5b6
ee07
e5ca
ddee
d686
d12e
cfe5
d39b
ddd8
eb20
f4e6
f90f
fb25
ffd0
07e1
1090
1764
1ce6
22a6
2802
297e
23e5
18ba
0db2
0773
04cb
0174
fb2a
f400
ee2e
e94a
e3fe
de9d
db49
dc51
e27d
ebfd
f532
fc60
0133
04fe
0a97
12a6
1add
2085
2357
251c
276c
2736
20d0
16aa
0ce2
0596
00de
fce3
f6a3
ed2c
e46e
dfa5
dc73
d88f
d4cc
d592
dd11
e820
f180
f7b1
fbb9
fec8
048f
0c01
1273
17eb
1cdf
215f
24fe
2610
20e0
15db
0c06
0618
0301
0000
fac6
f3a3
ecee
e875
e5bc
e242
dd3c
dccb
e448
f0bd
fcd2
044e
0720
0963
0f14
15ed
19fb
1ca4
1fb3
245a
27d8
250f
1ac8
0d71
024c
fb09
f7de
f484
ee81
e85d
e320
de68
d984
d430
cff8
d19b
db79
e8f5
f568
fd88
0181
059c
0bf7
1309
18e4
1df3
22cc
2977
2efe
2c2b
2160
13ae
080a
014b
fe99
fb73
f5a1
f13f
ee2e
ea5d
e531
de9a
daf7
dec0
e92f
f536
0060
086d
0a21
0be0
0f77
12f3
1632
19ad
1e0c
23a8
2808
23eb
1657
0783
fb32
f40e
f0cc
ed52
e810
e314
dfb2
dc50
d783
d0db
ce3b
d534
e365
f2c4
fe8c
0580
09c8
0f5c
164b
1a0a
1bf9
1fef
27a3
2fd0
320f
2b0b
1dfa
10ef
06d5
00c0
fcea
f917
f4a3
ef2e
e930
e319
dc7b
d5a1
d37d
daec
e76e
f3dc
fd14
01ef
0531
09c3
0f78
1406
1716
1a85
2194
292e
2944
1f71
106a
02b2
fa2b
f672
f3b5
ee92
e8f6
e5b9
e3b2
df90
d85d
d2f7
d585
e0c5
eede
fab7
02c9
0775
0c18
11a0
16ad
1ad1
1f28
254e
2d87
349e
3382
2774
1842
0b86
036f
fe89
f9ee
f458
eecf
ea26
e506
dd4d
d3af
cdc5
d0ce
dbda
e998
f4e6
fbd7
ffc5
03c7
0903
0ca1
0ee7
1308
1aa6
23cd
2984
2712
1bf9
0d75
022c
fc8b
f991
f6eb
f3fd
f11b
ede6
e8f6
e146
d872
d3ae
d98a
e746
f5c9
011e
0889
0cf3
0fe7
12a0
156c
187c
1d80
2506
2c9a
2ffa
2b33
1ea0
0f03
01ed
f9f5
f63a
f3c9
efe1
ebe1
e892
e3f3
dc41
d354
cecc
d3db
e17e
f000
f95e
feb3
02c6
07e4
0d10
1063
12fe
1884
21de
2a94
2cb6
25db
1a13
0df3
03b9
fc97
f896
f62b
f342
efb7
ebb6
e678
e103
dc2f
dad7
e050
ebf1
f907
028e
06c0
07a2
0b7d
1214
15da
1750
1a49
201b
25f4
26d4
1f4a
11ca
065a
ffc6
fadf
f5a6
efe5
eadf
e71f
e347
dd8a
d6cd
d2b9
d5a1
de6b
e9d4
f5a1
ff76
055a
0810
0b34
1131
189d
1e62
2140
24af
299a
2a6c
22cf
14f1
07a2
002e
ffa9
ffe7
f985
f18b
eccc
ea1d
e626
df62
d8f4
d9be
e572
f44e
fc83
ff9b
0168
0578
0ba6
10f5
141e
1797
1d74
23fe
2728
2290
1737
09e4
fe6e
f78a
f585
f514
f16e
eac1
e51a
e182
de49
d9a2
d682
daa9
e778
f78e
0351
06f0
0497
06ae
0f2e
1676
19b9
1c56
21f2
29e9
2ebc
2986
1a3d
0bec
04ba
01f6
ffba
fb3e
f51b
efda
ec32
e740
def2
d6a5
d4c5
db5e
e781
f444
fdab
0227
0340
04cd
09a0
0f86
1247
1470
1a0c
215d
241e
1dd5
0ff6
0132
f8e6
f922
f9ec
f52f
ef74
ed16
ed2b
eb1e
e3f3
db0a
d963
e3d0
f2a3
fd19
035a
0789
0bf1
10cf
149d
16b4
191d
1e10
24d5
2938
2715
1e65
1260
06b6
fe46
f9d5
f76e
f3c2
ee0f
e905
e61b
e2fc
dd5f
d7d0
d7da
e05c
ee1e
fa1b
ff3c
ff24
0197
07f2
0e13
1198
144a
1955
20da
261c
230d
17c5
0c07
0488
00a5
fde4
fa27
f511
efd7
ebb6
e832
e38d
de72
dcb8
e09f
ea03
f606
002b
0582
0705
08c1
0dc5
14c7
191c
1b2b
1e75
22fb
2528
2158
16d1
08d8
fe41
fc48
fcca
f82c
efd4
e8c0
e58a
e3f7
e000
d96a
d617
db9b
e7be
f27e
f926
fdaa
0236
073d
0c87
120e
172e
1b50
2056
24c0
2487
1ece
1506
0a90
0345
007e
ff6a
fc1f
f5be
ef3c
eba4
e8c7
e3bf
de78
dd62
e2d8
ed2e
f86e
ffa1
0153
03cb
09a5
10e3
165c
195e
1c74
21ff
277c
26a7
1d57
10b3
0645
0064
fd0a
f944
f40c
ee27
e853
e2ec
ddf6
d99f
d759
d877
de6a
e922
f505
fd2a
0015
01ad
06a8
0f6b
15ea
1895
1bb7
213c
2646
26ad
20bd
15c2
0aa1
05b1
0396
ffd1
fa6c
f41b
ee2c
e991
e58d
e098
dc90
dd76
e3a3
ed85
f821
ffa8
0331
04f9
082a
0e25
153b
1a08
1c4d
1f0e
2244
22d1
1d1c
1192
053f
fda0
fb53
fa40
f583
ede5
e8a6
e63d
e355
deaf
da86
dabc
e20d
ef52
fac9
ffbe
028f
0602
0b57
119b
167f
19a8
1dcc
23d3
2763
24d2
1bf3
0ee4
03c1
fe29
fcc3
fb7e
f732
efe8
e9d8
e7fd
e56c
e072
dc72
ddf8
e6ee
f3eb
fe4a
021e
0256
04bf
0be3
12f4
1611
17f1
1beb
212f
23f1
2118
1758
0963
0025
fcb8
fb05
f814
f2b6
ecb5
e8ab
e66b
e2ac
dd5f
dae0
de9e
e979
f679
ff6f
0344
0540
08f4
0f27
1542
16d0
1704
1b48
2132
237e
1e69
1283
052d
fcfb
fad2
f894
f1e7
eac4
e7a4
e7c9
e683
e170
db7b
da5f
e161
ee36
f9c2
0117
0667
0ae9
0f66
1393
166a
1842
1bba
2170
2559
24ad
1e17
128a
06ed
fee6
fa7e
f74e
f2f3
ecca
e850
e818
e61f
e04a
da9b
dab1
e339
f105
fcd8
01e9
0365
07ec
0fa2
1503
1581
1587
19e7
215d
2555
20dc
157b
09e7
02ee
fd39
f6c4
f10b
ed33
eb07
e96e
e6e1
e203
dccc
dbbe
dfae
e891
f458
ff27
063b
09ec
0d1c
126d
18ac
1b0a
1b08
1d9a
22e3
2669
2343
1883
0a92
0027
fc08
f9d7
f394
eb93
e773
e7a5
e743
e289
db86
d8aa
de64
ea67
f535
fc84
02a5
08a3
0df9
1209
14c2
16b3
1907
1cec
2168
2316
1f62
15e3
0957
fe74
f84d
f5b6
f283
ecc5
e7af
e689
e6ce
e42d
dedc
dc73
e1e2
ee11
fa8a
0202
052c
09f8
11c8
179e
18a5
17a6
1919
1e31
234f
2308
1b53
103b
070e
003f
fa40
f42a
eede
eb9b
ea25
e8a6
e5e2
e1fa
deed
dfeb
e635
f04e
fb05
0342
080e
0b5e
1007
1620
1a0a
1a3f
1a44
1d48
20f8
2051
18c1
0c8f
00ba
f9ec
f740
f259
ec11
e802
e6aa
e5f8
e389
df1e
dc0a
df6a
e91d
f3e3
fdbe
0595
0b2a
0f36
1239
1485
1712
1ad9
1ea5
20a9
2102
1f37
1941
0e52
0198
f82c
f445
f2e4
effc
ea9c
e693
e59f
e460
e0e3
de16
e086
e9d3
f738
02fb
0828
0b09
0fb7
1465
1785
1926
1aab
1dd1
2287
2459
1e8d
1374
07de
fe67
f7be
f28c
edf4
ea4d
e7b5
e50c
e21e
df51
dd05
dd05
e119
e9ff
f607
015c
08c0
0c84
0f98
143c
198c
1c79
1de0
2098
23f1
244b
1eb1
1377
05f1
fc46
f85c
f44b
eed2
e9cc
e6a7
e52a
e34e
df2d
daa1
db42
e317
ee3c
f92a
0144
0719
0c5d
1170
157b
187d
1b24
1e33
21d8
235f
2121
1b15
1194
0677
fcfc
f72a
f343
eeaf
e97a
e5b3
e3eb
e1fa
dea3
dbcd
dd31
e515
f1eb
fdf3
03fb
07f0
0d2d
1359
186d
1ac9
1b9f
1e54
23db
26c1
220c
18aa
0e69
05e6
ff42
f8d7
f246
ece6
e95f
e67d
e39a
e035
dcfd
dc37
df81
e720
f182
fbc6
037c
08b5
0d69
133e
18b2
1b6f
1c95
1ec4
2243
2447
2121
176a
0a85
01b8
fd80
f8dc
f261
ebe5
e803
e6ec
e59c
e109
db79
db5e
e2f3
edb0
f730
fe17
03e1
09cf
0f8a
1436
17b0
1a29
1d1f
20ad
22aa
219c
1c64
12da
0743
fda0
f85b
f5ad
f0fd
e977
e3f5
e240
e155
de67
da63
d9b7
e0b0
eed1
fc2c
0201
049a
08b8
0f45
15a3
1956
1b34
1e7c
23d3
2750
2467
1b6d
1018
0635
feca
f96b
f52e
f0de
ebba
e74e
e41f
e034
dca7
db43
de02
e635
f229
fd7a
04a8
07e8
09fb
0f2a
160e
1a8e
1cd0
1f7f
2384
2655
23ba
197c
0b70
017a
fc79
f961
f50a
eefe
e9ae
e67d
e374
de38
d8f3
d7fe
de61
ea66
f610
fe33
038b
07aa
0b6f
0fba
14b8
196c
1e90
22f3
251a
2478
1f65
1557
08eb
fea6
f8fe
f784
f589
efcc
e9dc
e5ae
e221
de61
db38
dad7
e047
ec7b
f90d
00ef
058e
08a0
0c4e
1128
1618
1a74
1f1d
2370
251f
235b
1cf2
12bf
07bb
fe54
f84a
f5b3
f3f8
efa6
e965
e36b
df38
ddca
dd56
de2e
e353
edee
faa5
04ba
0984
0990
0bf4
11fb
17a9
1b7d
1e03
2034
224c
22af
1ce7
1032
03e9
fbf2
f84b
f62a
f262
ed17
e8a5
e5c1
e2db
e020
ddf9
de80
e4cb
ef83
fb0c
03f6
08a8
0a95
0dec
1401
18dc
1b62
1c8b
1e0e
2064
2001
1962
0dc1
029b
fb8e
f8e0
f5f9
ef9b
e9ac
e6aa
e512
e305
e074
ded2
e0f5
e9c2
f555
fe6c
04a6
08b5
0c98
1164
1628
1990
1c3b
1e6b
1fcd
210f
1ec1
16b3
0b36
0042
f910
f601
f3d3
ee6f
e824
e4f7
e332
e118
ddc0
db55
de5e
e8db
f6b1
012a
059a
070c
0b85
1229
16a3
1859
19cf
1d0d
213c
231c
1e57
1330
0814
ff41
f934
f52c
f182
eddf
eb15
e89f
e4b0
e0f5
df18
df33
e38f
ecd9
f8f3
03ee
0a54
0c00
0db7
13a0
19fa
1cd4
1d21
1e08
2128
2340
1ee0
129b
0435
fb21
f921
f6ae
ef93
e81e
e4d1
e4b8
e3b9
dfc0
db59
dbf4
e4d6
f03a
f8c0
feef
047c
0a74
1076
1533
1808
1a63
1d50
1f9e
20ac
1f0f
1983
106b
05d6
fce7
f7e1
f581
f118
e9d4
e4d3
e3ce
e462
e2fe
df87
de7c
e4d2
f1f3
fef8
0530
06d1
0b29
12f0
193d
1b03
1a4b
1b67
1fc8
23ca
2180
177c
0c2e
0331
fc85
f6bb
f10a
ebef
e843
e5e8
e3f8
e221
e020
de8f
dfd1
e63e
f18d
fdfb
06b9
0a4c
0cab
1265
1923
1c36
1bb2
1bbf
1f17
231c
21d6
1821
0a06
ff55
fb1b
f796
f19b
eb53
e809
e7be
e728
e37d
de36
dc1f
e0c6
ea58
f57d
ff5b
06d2
0c47
1091
1441
1773
19b3
1aed
1cd1
1f66
209e
1e03
164a
0ad4
ff5b
f748
f2aa
eee4
ea3c
e648
e4c6
e481
e308
e00d
de34
e115
ea1c
f69d
00c2
0747
0c93
11a3
1608
18e1
1a2c
1b4e
1dea
2157
227a
1ebf
160b
0abc
fff0
f78a
f230
ef5c
ed5c
ea56
e6bf
e42c
e287
e111
dff3
e203
ea1a
f710
036a
0a65
0c8c
0e7f
1350
1848
1a84
1af9
1c33
1f12
215b
1eea
14bf
0651
fbe7
f6bd
f3ea
f06d
eba2
e76a
e595
e533
e38c
e040
ded3
e3a7
eeb6
fad1
0381
084b
0b90
0f9f
14db
1935
1ac6
1bee
1de4
1fce
1f7d
1a55
1008
03e9
faa8
f5d7
f3a0
f059
eb3a
e6de
e4bb
e3c5
e24c
e028
dfae
e509
f1cb
fedb
0644
098e
0cb4
11e5
17ac
1b18
1b8b
1c11
1ee1
21bf
2053
18a5
0d3f
0291
faf0
f5c9
f156
ec81
e7d1
e53b
e43a
e2bf
e073
dea9
e03e
e764
f2ef
fe44
058e
098d
0dec
1380
17e0
19c8
1abe
1cc2
1fdd
21c6
1f6f
1725
0b43
00fc
f9da
f4f0
f0a5
ec47
e85e
e5a2
e3ad
e16e
debe
dd9e
e12e
ea46
f5f2
fffe
063c
09de
0dcb
134e
1837
1a52
1b7f
1db8
20b1
2198
1d5a
1399
07a6
fe38
f961
f618
f08f
ea79
e6b0
e539
e3d1
e0c2
dd39
dd0e
e366
ee97
f917
008d
05e6
0b1d
10aa
1563
185f
1a81
1d3c
20b2
2303
2172
1b33
11b2
0740
fe4c
f81d
f3e5
ef81
ea6d
e61f
e3c0
e2cf
e11b
de90
de6d
e413
ef2e
fb3f
030f
05e2
09e4
10a1
1686
1963
1a36
1ba2
1f08
2265
20e8
188a
0d68
03a8
fcbc
f78d
f240
ecd3
e8ad
e64d
e488
e266
df21
dd20
dfe6
e7c0
f2a6
fd87
05ab
0a74
0e16
127b
16b7
1a0e
1c1d
1dd6
20ab
230a
2142
1919
0c66
0007
f968
f741
f31c
ecee
e7e4
e5b5
e547
e3b1
df5a
db89
deea
ea77
f6e8
ffcc
04d7
093c
0efa
14ba
182a
19c7
1b99
1e9a
21bd
2136
1b7d
1263
084f
ff61
f909
f505
f123
ec9c
e7eb
e3e9
e200
e104
df92
df3b
e349
eced
f95c
033b
0677
0892
0d9b
13e4
18b5
1b0f
1c1d
1de7
20f1
2178
1afa
103b
059a
fde2
f912
f4f5
f03f
ebb8
e849
e53e
e2ad
e0a4
df4b
e0b9
e610
ef00
f9d3
0381
093c
0b8f
0e16
12c8
185d
1c18
1cdc
1cf5
1e18
1e74
1a40
103b
0381
faad
f7bb
f547
f052
ea54
e5dc
e40d
e3b3
e25d
df91
e008
e78c
f2b5
fd3a
042f
0807
0b68
1018
154e
1974
1bce
1c41
1d43
1ec0
1d84
173a
0c8a
00fb
f8df
f5ee
f493
f034
ea6e
e644
e4a8
e3f8
e210
dfc6
e125
e952
f62c
0193
0696
081b
0b48
1105
16be
1a28
1b51
1c09
1e26
20a8
1dbc
1492
08db
fedf
f920
f67d
f39d
ee95
e926
e5cc
e4cc
e3ce
e0f6
ded6
e1c4
eae4
f736
01da
077a
08f2
0bca
11dc
16ac
1860
1894
1a3c
1e23
20e1
1d2b
11f7
04c9
fc25
f871
f5e2
f16f
ec5f
e944
e860
e759
e43a
df8b
de64
e4d0
ef57
f9a9
01b9
0751
0b93
0fb7
1389
15cb
176c
19a5
1c74
1f54
1f77
1a6a
10b2
0576
fc4c
f76f
f568
f12d
eba9
e827
e727
e6c8
e489
e08a
df02
e50e
f190
fd49
03b6
0698
0a50
1017
1518
16fc
1731
1925
1df4
2276
1fea
1677
0b7e
029f
fc86
f81a
f3e8
ef56
eb9a
e941
e67a
e370
e0a0
df21
e155
e875
f32c
fe27
05d9
0878
0a11
0f2b
1515
18c8
1a1c
1b3d
1e10
213a
1fcb
167a
093f
ff5e
fac7
f864
f425
ee09
e913
e70b
e626
e38c
ded0
dcbd
e1b3
eb8c
f5f2
fe57
0442
08bb
0d40
1238
1635
18e1
1b47
1dd2
2060
20e9
1d15
1496
09c7
0021
fa5d
f7d5
f3bc
eda5
e899
e649
e596
e3e3
e064
de4c
e2b8
ee0d
f9e8
0132
04b6
086d
0e5a
148e
180b
18a8
1983
1d43
21bc
20f3
19f2
1019
06bb
ff51
f99c
f4aa
efe7
ebcf
e8b9
e637
e3f3
e187
dfab
e04d
e51b
ee16
f91f
0287
0786
0a62
0ed4
1422
17c5
18ec
199a
1c2d
1fe6
2050
19ff
0ec6
0485
fdb4
f8cb
f3b1
ee43
e9da
e761
e638
e492
e163
df90
e1b8
e7c9
f0a0
fa74
033f
09ab
0dc7
10db
14b7
1936
1be5
1ccb
1d6d
1e2a
1d84
1902
0f85
03ab
faef
f75a
f493
eff4
ea61
e6ad
e5b6
e546
e2ec
dfe4
e074
e7aa
f316
fd02
0357
07ee
0ccc
121e
1682
18b9
1952
1b38
1edb
2074
1deb
16ce
0cbf
02ee
fbc1
f713
f325
eea7
e999
e686
e593
e44f
e1e4
e00b
e1b3
e8cb
f448
ff36
051e
087c
0cee
12bf
1770
1908
18eb
1a58
1e18
20aa
1e27
152d
09f4
00fb
fae9
f5fd
f0dc
ebb4
e7d1
e673
e65f
e3fb
e0a4
dfb6
e338
eb6f
f607
ff82
05ea
0a44
0eb2
144b
188b
1949
1911
1ad8
1e2d
1fce
1c3f
1283
0615
fd69
f9a0
f5aa
efa5
e983
e692
e71c
e789
e455
df6b
debd
e5ba
f074
fa18
0130
073e
0d48
1299
15d8
16d7
174c
1a54
1ecc
2086
1e35
183e
0f92
05e8
fd66
f751
f346
ef94
eb06
e7e1
e742
e6da
e491
e15f
e101
e6ef
f2d4
fee9
0495
06ea
0b55
1264
1800
18ef
171f
17eb
1d4f
21c4
1e28
141e
0a2c
0365
fe3b
f821
f0ff
eb32
e8b4
e8ab
e7e9
e47f
e167
e178
e50c
eb5b
f382
fc41
03c9
08c3
0c35
1129
16e4
19ef
19ef
19ce
1b9f
1dd3
1c42
1441
085c
ffac
fc6e
f955
f2f6
eb54
e6c2
e6bd
e803
e5e5
e078
de61
e49a
ee77
f70b
fd57
030c
097d
0fee
1483
168c
177b
1986
1ca1
1eda
1e63
1a73
132a
09bd
007a
f9b2
f582
f181
ec7d
e863
e6e5
e6d8
e580
e24b
e079
e47e
eee2
fa81
015a
0503
09be
1063
1609
1809
1748
17b3
1bf8
213c
203b
1886
0e82
05dd
ff71
f9e8
f418
eeb3
eb7f
ea74
e939
e682
e340
e185
e315
e86d
f0d4
fa92
0338
08db
0c4b
1001
1403
16e6
1848
199b
1c1f
1ead
1de2
1752
0c5d
0223
fc25
f84e
f399
ee42
ea87
e971
e93b
e6fe
e221
df39
e2db
eb21
f4a0
fd41
0462
0a1e
0e88
1174
1348
1588
18c0
1bd2
1dac
1d94
1b46
1630
0dbb
02ea
f990
f506
f37f
f0bb
ec4e
e881
e6ec
e651
e499
e242
e32f
ea91
f6b1
00ce
05e3
088a
0c34
114e
15ac
178e
1804
1a51
1f28
20b8
1bb7
1247
084b
0084
fb1a
f670
f187
ed77
eb1f
e8f8
e602
e2cf
e0d8
e19f
e5ca
ed32
f6e5
00a8
0756
0a33
0c9e
109b
1563
18ff
1aeb
1c61
1e38
1ec6
1afc
1167
0570
fd15
f970
f6f6
f2d7
ed9a
e9a2
e802
e6ed
e3a4
dfd9
e0ed
e7d8
f1c4
fb1e
01e5
067e
0a9a
0f13
1305
15a4
17b2
1a4f
1d3b
1e8f
1ca8
172e
0ee1
053d
fcfb
f862
f556
f148
ec87
e8c3
e6ec
e5f0
e41b
e1bf
e225
e836
f2cd
fc87
029d
064e
0a3e
0f57
1436
1708
17df
1935
1c9b
1e2c
1ae8
13c8
0b67
0407
fe56
f96c
f42d
ef33
ebe8
e9ab
e751
e4c3
e2dd
e2fc
e613
ec38
f49b
fd71
0420
07ce
0b3c
0fec
1507
1889
19d4
1a73
1c10
1d9d
1ba4
13c8
0930
00e4
fc7d
f957
f4b7
eedb
ea40
e84f
e75e
e494
e111
e12e
e686
ef29
f7da
fe7a
0321
075b
0c1b
10ad
1408
16b5
198b
1c5f
1dce
1c92
1851
1166
0887
ffcc
fa75
f790
f3f3
eeca
e9bd
e68c
e513
e3aa
e18e
e0ef
e5b4
efda
fa4e
0147
04dd
07ce
0c5d
122e
16cf
18b7
19e6
1d31
1fe5
1e46
17ba
0e8f
05d5
ff58
fae5
f706
f2bc
ee7c
eaee
e7bc
e4ab
e23c
e177
e396
e969
f27d
fc80
0408
078c
0977
0ced
126c
17a0
1a94
1bdf
1d99
1fda
1f23
177f
0c2d
026d
fcbe
f9bd
f682
f1af
ec7e
e8e8
e6a4
e3aa
e07b
dfab
e369
eb77
f510
fd45
0308
0724
0a8b
0e35
12a5
172c
1b37
1e34
1fae
1f3b
1c1a
1557
0b50
011a
fae0
f83e
f5e6
f1b4
ec75
e7ee
e4d0
e29f
e108
e09d
e41e
eca1
f6ca
ff18
046e
07c2
0af2
0f3e
141a
1801
1b0d
1dc1
1f1f
1e1c
19db
126c
0914
ffee
f90c
f59b
f430
f132
ec6b
e773
e3dd
e251
e208
e273
e518
ec8c
f7f5
0260
0830
0a1d
0bc8
0f8a
147f
1886
1aca
1c2b
1dbd
1ec9
1b44
1233
0702
fdc6
f86e
f5db
f361
ef95
ebbe
e8d0
e60b
e3dc
e257
e25f
e62c
ee98
f9a6
0383
0919
0a23
0b39
0f95
1499
17fd
19c1
1b2d
1ce3
1d58
1957
0f9d
03ed
fb8d
f77e
f525
f1b8
ed58
e9a9
e74d
e565
e37e
e1c7
e29f
e8d1
f2c6
fcb5
0422
08a0
0b6a
0e5b
123c
15fa
18ea
1af7
1c0c
1c82
1b26
15ef
0c7b
0174
f913
f5d6
f50e
f175
ec41
e85a
e652
e525
e39b
e1ed
e2c7
e9e1
f643
00ad
05c2
07c5
0a9d
0f81
1445
16ad
1784
1974
1cdc
1e6f
1ae5
12b6
0904
0085
fa4f
f5fb
f281
ef46
ecd0
ea9e
e725
e401
e296
e2e1
e59e
ec0e
f608
00b1
07fb
0a11
0b1c
0f5f
14f4
188d
19a1
1a51
1c81
1efa
1d47
13f5
0690
fd4b
f9f7
f86e
f46f
ee71
ea1b
e934
e8e9
e5ca
e13e
e0ce
e6dc
f0c9
fa1b
0095
04ec
08e5
0d38
1134
13db
15d3
186d
1b15
1c5f
1b1f
16a6
0ef1
0546
fc77
f78f
f641
f3c3
eee2
ea22
e7a5
e6ff
e615
e3d4
e260
e677
f1ea
fd87
03a3
05ac
0807
0ced
12a7
15ed
1606
1664
1a37
1e15
1cb0
158a
0bf1
038e
fdcd
f9b0
f5af
f186
ee2b
ec02
e9c2
e73d
e554
e49d
e5dc
ea6d
f300
fd86
05bc
0924
0a82
0d8f
1266
163f
1781
17a0
1923
1c00
1c7a
162a
0a5d
0048
fb13
f883
f528
f045
ec1a
eabf
ead1
e8ad
e43d
e208
e4c9
ec59
f5fa
fe8e
04c3
092e
0c9a
0f4b
11d7
1445
167c
1895
1a2e
1aa0
18e2
139d
0a5a
ff85
f7cd
f50c
f3a4
f0b0
ecb7
e9e5
e8d4
e7ef
e59f
e2e4
e389
ebbe
f760
0082
05bd
091e
0cb4
10b2
13c6
14e5
1565
1833
1bde
1cd1
1989
12a2
0a09
01ae
faa8
f565
f251
f0cd
eeb9
eb99
e89c
e713
e6c7
e6b8
e782
ebf9
f5a9
00ff
081b
0a97
0bd8
0efd
137d
16b7
177d
1776
18cc
1b18
1a2f
1297
0783
fe35
f8e1
f622
f352
ef5a
eb9e
ea00
e986
e7e5
e5b4
e512
e85d
efce
f909
0120
06e2
0aaf
0d41
1050
13d2
1641
1754
17ca
1865
18af
169b
0feb
0584
fc37
f721
f4b9
f21a
ee3e
ea9d
e8ec
e911
e92a
e794
e589
e8c8
f250
fd07
0489
088e
0b7c
0f60
13eb
16c8
16ce
16c1
1887
1a78
19ce
14e7
0cbb
0405
fd00
f7cb
f357
ef11
ebaf
e9b3
e890
e7c8
e70b
e65a
e6c8
eaaf
f32c
fcee
03a6
07c3
0b7b
1001
1455
16c2
1713
171e
1899
1ab5
1979
132f
0a37
0205
fc07
f765
f2b9
edf8
eab1
e9a3
e8a2
e67d
e4c2
e4f2
e80c
ee0d
f5c3
fd7d
0411
090d
0cb2
1055
1425
1715
187e
18ed
1974
19fa
1860
1220
07e3
fedc
fa67
f830
f460
eeb7
ea1c
e8a4
e8f8
e7fa
e4c1
e327
e7ca
f0da
f97c
ff48
0362
080a
0db9
128a
14ad
156e
1771
1a37
1bc3
1a61
15d4
0f0f
074c
ff96
f955
f581
f264
ee71
ea5e
e797
e6dc
e6fe
e633
e505
e767
f032
fb92
02af
0569
0823
0d72
1398
1740
1777
16d1
18af
1c92
1c14
1536
0bdb
03e4
fe68
fa15
f544
f004
ec5f
eb0a
e959
e6c3
e4a4
e419
e629
eb43
f2e4
fba8
0392
08b6
0b70
0e44
11d2
1559
179b
1899
19c2
1bb7
1bff
16cd
0c15
015a
fb80
f976
f69d
f151
ec1c
ea0a
ea9c
ea46
e650
e20c
e420
ecd1
f746
ff1b
0385
06ea
0bb2
1113
1407
14a4
15f0
18a5
1b92
1c1c
1887
116d
08e5
009f
f9fa
f5fb
f2f2
efc5
ecaa
e9eb
e808
e6d0
e567
e401
e5a4
ed2c
f845
00f0
052a
07aa
0b82
1083
1449
1586
15a1
1740
1b3a
1c84
17d9
0f54
065a
fefe
f994
f556
f169
ee59
ecdf
eb35
e911
e761
e683
e6fc
e9b2
ef85
f869
0275
0994
0bfe
0d7d
1037
13e1
16b2
17a3
17d5
1921
1a92
182d
100b
05a0
fd11
f82c
f52f
f1e8
ee44
eba4
ea55
e93d
e73f
e504
e58b
ea4d
f221
fadd
0287
081c
0bdd
0ed1
116a
142e
16b9
1808
18f0
1a21
1a22
1662
0dee
02e1
f9a8
f640
f4ff
f1db
ed67
e9fe
e8cf
e8bd
e78c
e4b1
e3cf
e9d1
f4a1
fe6b
044d
0773
0abf
0f3b
1366
1599
165c
1760
19fb
1bf5
19ce
1332
0a50
01ab
fb11
f70f
f458
f0e7
ed44
eaaa
e929
e81b
e666
e4a6
e584
eb75
f5c5
0091
06f5
08e8
0b5c
0fd6
1411
15db
1579
158d
1882
1cc8
1be1
12c1
0777
fecf
fa12
f6fa
f2e8
ee23
eb6f
ebb4
ebf4
e939
e506
e393
e776
ef36
f7d8
ff6d
05aa
0ae7
0f65
1217
12eb
1410
15ec
1819
1a46
1b28
18a1
119b
077e
fd7b
f80e
f604
f33d
ef02
eb81
ea67
eab9
e99c
e569
e1dc
e6a4
f1a3
fc1e
0273
05b4
093e
0e65
12d5
13c8
12f0
14a0
1977
1d67
1bff
1533
0c6b
046d
fdc3
f835
f3fd
f0ee
ef04
ecfe
ea26
e764
e529
e39b
e3dc
e803
f0e7
fc87
0540
083c
098f
0cde
116d
14a9
158b
15ea
18ae
1dbe
1e5d
1671
0afa
015b
fbc5
f88b
f4c8
efec
ec80
ec0b
ebce
e8c6
e453
e23b
e4fa
eba3
f3e4
fc0a
0340
08c2
0ca8
0f63
1190
1405
165c
1857
1a72
1c34
1b5f
15c0
0bd9
0153
fb24
f8a4
f5c4
f10e
ec74
ea67
eabf
ea52
e629
e152
e3cd
ed09
f787
ff00
0337
06f3
0c30
1185
13f3
13b3
1467
17ee
1bf5
1c8f
1882
1168
0961
0196
fad5
f5c5
f23b
ef92
ecf8
ea99
e8ed
e770
e591
e437
e5c1
ec08
f68d
003d
057b
0861
0bee
106b
13e8
14dc
1462
15e1
1a93
1d0e
1930
1098
072c
ffe6
fac7
f614
f110
ed21
eb64
eb08
e9e9
e743
e4e2
e4df
e825
eeaa
f790
00c8
07da
0bed
0e31
1109
14b5
1749
180e
185e
19a1
1afd
196c
11f8
0671
fdd6
f988
f6d3
f350
eeec
eb82
ea86
ea8e
e83d
e444
e3c0
e8e1
f220
fb69
01ef
0629
0a38
0ecd
12a3
1421
13e5
156f
1908
1bc8
1b21
1617
0d7e
03ef
fcb8
f873
f534
f191
edb7
eb3f
ea82
e9c3
e790
e4ed
e4b1
e957
f341
fd13
0354
073a
0aeb
0f48
1349
152d
14dc
1563
18d5
1c17
1b90
1581
0bcf
02d7
fcfb
f904
f491
ef71
eb6f
ead6
eb49
e98b
e624
e3d2
e518
eae7
f40a
fd44
03f3
087f
0c7d
1092
1396
1448
13fb
1530
1899
1bd6
1b90
14e5
09f9
0117
fbc2
f7ad
f2b6
ed40
e9f0
eac5
ed78
ec75
e731
e42b
e6da
ee42
f6b9
fdc2
03a2
09b6
0f9d
136f
13ba
12ae
13f0
1752
19dc
19b1
16ab
1128
098a
014d
fa6b
f5b4
f1fc
ee63
ebf2
eb88
ebe7
eaaf
e743
e45b
e68e
efff
fa78
014a
050b
0909
0edd
144d
1599
12a0
1140
1624
1b7b
1b2a
14f3
0c9c
0597
0034
fa6c
f34e
ed2a
eb1d
ec4a
ecc2
ead3
e7bd
e5d3
e6b6
eac7
f17e
f9c0
01c2
0736
0acb
0eb4
12f0
1565
1539
1474
1602
19c9
1b5d
159b
0b16
0226
fd56
fa15
f50e
ee7d
ea22
eab7
ed8b
ec5c
e670
e2c9
e5ba
ed5e
f566
fbac
0122
0754
0dc9
1254
137e
136e
1461
16e6
19ab
1ac1
18de
13b1
0ba4
025b
fb68
f750
f39d
ef90
ec5c
eb44
ebce
eb99
e892
e4a5
e5ec
ee30
f822
ff71
03cb
07d5
0d4e
12b7
14e4
136a
1252
15d1
1a64
1ae5
1647
0ef9
07a0
0156
fbbd
f61f
f105
eeba
ee3a
ed2e
eb29
e897
e68c
e68f
e9cb
f016
f870
00f2
06db
0a74
0d53
1029
1289
13da
1498
164e
1969
1adc
16bf
0e3e
04bd
fd9f
f922
f54a
f119
edf2
ed21
ed68
ec15
e86a
e586
e697
eba2
f2ed
fad8
025d
089c
0d21
0f98
109c
11ef
13ed
162e
181d
18f1
17fd
14dc
0ebd
050f
fbc8
f657
f399
f198
ef1c
ec69
eaa6
ea23
e932
e6df
e668
eaf4
f3ea
fda5
04ad
08c7
0bf7
0f9c
12f0
148e
1450
153c
186d
1a9a
18d1
12c2
0a38
01db
fbaf
f739
f28d
eef3
ed4d
ec5f
eb29
e930
e70c
e647
e84e
ed4c
f50a
fe30
0585
0a3c
0d2c
0fa8
1269
14d6
1604
16a2
1855
19c5
180b
120c
08bb
ffd9
fa08
f685
f30d
ef2d
ec5b
eba7
ec04
ea51
e721
e61f
e98f
f0d5
f963
00b4
05f9
0a9f
0efc
11c4
1347
1435
1573
175b
18e3
186a
1563
0fde
0743
febf
f8e9
f4ce
f164
ee52
ebdb
ea83
ea43
e967
e6fe
e634
e992
f12d
fa69
01f0
06d8
0aad
0ee8
12ea
151f
14c3
14fa
17a2
1a04
1928
1484
0d6e
05c1
ff26
f9a3
f3de
ef5c
ed06
ebe1
eb1f
e9f2
e839
e715
e844
ec57
f348
fbd1
02d0
07d4
0bee
0fe6
1398
15f6
1632
15b7
1767
19eb
1935
13ff
0b6f
02fc
fd2b
f94f
f514
f016
ec4e
eb60
ebee
ea8b
e752
e5b3
e82b
ee89
f6a9
fe1e
0383
07f6
0c81
1038
12da
1448
1518
165e
1830
18ee
16ed
11b2
0912
008c
fad5
f72d
f3d4
eff2
ec25
e9d7
e98f
e937
e6e7
e572
e805
ef51
f8b9
006b
04e5
07c2
0b52
0fe1
13e2
154b
15d9
17e5
1a46
1a3e
1647
0eec
063b
feeb
fa55
f703
f3a6
f02e
ecf6
ea81
e8b2
e72e
e632
e6d8
ea5d
f1e7
fb42
0293
06bd
0918
0bd9
1004
1456
1692
16f8
1878
1ab7
1a4c
1547
0c94
03b1
fd8a
fa20
f724
f30b
ee9c
ebe5
ea5e
e824
e58a
e48e
e6e7
ecd6
f4e6
fcaf
02ac
0701
09ed
0ca0
100e
139f
16ad
190b
1a8b
1a9f
18d3
13d8
0b01
01fb
fbb3
f868
f640
f331
eeff
eb59
e96e
e80b
e62b
e4f1
e6ee
ed7f
f678
fe8e
041d
07ae
0a6e
0da7
115b
1412
169e
191d
1a75
1a07
1760
11ea
09db
0135
fa2a
f696
f529
f2e5
ef1c
eaff
e7ef
e6a1
e6cd
e722
e81b
edf1
f769
0096
069e
0904
0a5d
0d80
1245
15d1
1757
1818
18e7
1974
16f0
102c
075a
ff9a
fa81
f7c9
f59e
f1c0
ee0b
eb98
e976
e7ee
e716
e73d
e9d6
f04d
f91b
0137
0667
0878
0a85
0e53
1267
154c
16eb
17ce
186c
18fb
1620
0e52
055b
fe2a
fa05
f7b9
f4b5
f022
ec59
ead4
e97e
e7c9
e61d
e665
eb1b
f33a
fb9d
020d
0654
08e7
0bd1
0ff6
12d1
14dd
16de
18a3
19d4
1943
150b
0ccf
0357
fbbb
f81a
f693
f3af
efb6
ec9b
eaf8
e9c9
e81a
e55e
e43a
ea70
f50b
fe8d
0459
06e0
08e5
0ca3
1111
12f0
1308
1524
18de
1b75
197c
128d
0992
01a8
fbc5
f78a
f45b
f175
effe
eedf
ec2e
e8c1
e61f
e53f
e712
ecce
f5c4
ff95
0704
0a04
0b2b
0db1
1170
146c
15a7
1638
181b
1bad
1b0f
12e9
0758
fe1a
f9c0
f832
f573
f04b
ec38
ec13
ec8c
e9d4
e561
e3b7
e808
f0c0
f997
ffc2
03ea
07ce
0c22
0f7e
1104
1268
14d1
178d
194d
1906
15e7
0f6d
0653
fd80
f881
f6d6
f4fc
f146
ed1c
eabb
ea65
e9e1
e6dd
e3d6
e73c
f130
fc2e
0326
05b8
0776
0b99
1129
1411
1327
132f
16ad
1a9a
1a85
1515
0c8c
0458
fe3f
f9c7
f5c6
f242
efec
ee68
ecdf
eb03
e920
e7ca
e7e4
eae0
f22a
fc5b
0471
089d
0ab3
0d44
10ec
13fb
14b5
141c
157f
195c
1a61
1509
0b24
01a1
fbaa
f873
f536
f0e9
ed80
ed15
edc4
ebc6
e7ce
e539
e69e
ec6a
f4ed
fd8a
0474
09e9
0daf
0f79
1092
11ac
12ff
14b6
1689
17ae
173e
13ea
0bd7
017c
f955
f4a7
f24d
f06a
ee3f
ec8c
ebfc
eb57
e917
e687
e6f2
ecad
f629
ff71
0619
0a5c
0d78
0ffd
11f5
12ac
1367
15b2
1857
1974
17c2
12a5
0a83
014a
f941
f3d8
f1d4
f146
f01c
edeb
eb5a
e97d
e8dd
e8ea
e925
ec51
f565
0049
089d
0c51
0cec
0dd1
10a3
13c2
150c
1520
15e3
17b2
178c
1223
0876
fe88
f7b4
f47e
f304
f0c7
edce
ec77
ebef
eae6
e955
e85a
ea0e
efec
f8d5
0171
07c8
0b67
0d7d
0f94
11d6
13c9
1521
15d8
1625
165f
1554
0fa4
066c
fd4c
f717
f447
f2ae
f017
ecac
ea78
ea2c
eaa5
e9ef
e8ae
ead0
f202
fbaa
03dd
08be
0b60
0e43
1284
1544
1572
1503
1587
16da
16f1
1374
0c24
03ae
fcbf
f7eb
f403
effa
ec9a
ead5
ea4f
ea22
e9e0
e97a
e980
ecce
f44b
fce5
0401
089e
0bd7
0f51
1332
15d3
1630
154b
153b
165c
15e2
117f
09f6
01cb
fb3e
f6eb
f397
ef80
ec17
ead3
ea48
e9a3
e8c9
e87f
ea6b
efc2
f76f
fef9
04e9
08f4
0c6e
100f
1326
1522
15f5
1602
1601
1683
1588
100c
07b8
ff8f
fa18
f70c
f3f4
ef6e
eb25
e980
ea25
eab7
e95b
e83f
eb13
f207
fa3f
00e0
0547
08e1
0db2
12c0
14d9
151b
1567
1668
17a3
1760
13f1
0d97
065a
ff3a
f970
f543
f184
ee38
ebc3
ea40
e9bb
ea05
e9d7
e8e8
eb2b
f1fc
fadc
024f
068f
0957
0d4b
1267
15b5
15c9
1467
14df
1763
17d9
1389
0bcd
03b9
fd65
f8f5
f4f5
efef
ec57
eb3c
ead6
ea27
e906
e832
e92f
ed34
f3b8
fbad
038c
08f4
0c92
0fb7
1293
14ee
164b
1654
15fc
173a
17e1
13c0
0ba0
026f
fb8c
f7c6
f4d8
f08d
ec15
ea40
eafe
eba6
e9ff
e7be
e8e4
eec0
f72e
fefb
047e
0843
0c85
1149
13cf
149c
1516
15d8
16dc
171d
14f0
0fa4
0872
0077
f9ce
f5a1
f298
efbf
ed1c
eb07
e9d7
e9aa
e986
e8bd
ea63
f01b
f86a
006f
05e6
0921
0c2f
100b
132f
147c
1491
14ec
1646
16aa
13d0
0db6
0621
feec
f944
f583
f258
ef70
ed43
eb5b
e9f6
e978
e9b6
ea8e
ece0
f1c9
f965
0209
085c
0b87
0d6a
0fc0
12d2
158f
16a4
15f0
1590
161c
1412
0e00
0567
fd51
f809
f545
f2c2
ef2e
ebdb
ea54
ea47
ea3d
e979
e99e
ecd6
f382
fbdd
036c
0871
0b39
0e13
1122
139b
1529
15a6
1598
15af
1562
1267
0b96
028d
facb
f66c
f442
f1d6
ee84
eb85
ea1f
ea46
eaae
e9a0
e981
edc1
f5c4
fe74
04f8
089e
0b08
0e61
1259
14a2
152a
153f
15c8
167f
1560
10c8
0945
012a
fa93
f6a7
f439
f0f2
edb9
ebba
eafe
eadf
ea73
e97e
e9b9
ee12
f6b5
ffcf
061c
092a
0b7d
0ef7
12bd
14ac
144b
135c
147f
172b
1625
0fb7
06cb
fee3
f9bb
f69f
f382
ef51
ec53
ec45
ec6e
eb67
e96f
e899
eb3c
f190
f94b
0034
05d8
09fd
0d81
107d
1254
136a
1431
14d9
1599
164c
14d5
0ee2
05f4
fd95
f86b
f601
f382
efa8
ec1d
eb28
ec74
ed37
ea8e
e827
eb15
f329
fc58
02f9
0669
08f0
0d31
1237
13d4
12ff
130a
1509
1773
171c
1254
0aad
0359
fd8a
f904
f54d
f1bf
ef18
ed70
ec08
ea9c
e97b
e8d2
e93d
ecd7
f482
fd7e
04a4
0832
09f0
0ca8
10c6
1411
14d6
1400
149b
173a
1749
11da
08df
0066
fb29
f8b0
f61c
f14b
eccb
ebb5
ebe0
eaf4
e8bf
e773
e9a5
efb4
f74e
fe18
038d
07a8
0b55
0eb6
116a
1394
1536
1629
169f
16fe
15e7
10f5
08df
0064
fa91
f7c1
f577
f1b4
ed5d
eafc
eb63
ec30
ea2d
e7e2
e9f5
f118
fa0e
011f
0518
07d5
0c01
111a
1377
1378
1386
1508
1726
1764
13f6
0d73
0615
ff58
fa09
f5ef
f280
efae
ed44
eb45
e9fb
e96e
e90c
e905
eb3b
f129
f9a2
0170
0655
0930
0c17
0fcc
1310
1467
13d7
1448
1659
16b3
130f
0c0a
0416
fd98
f93f
f59b
f162
ee05
ec6d
ebd3
eb27
e9ed
e921
ea43
edf3
f3b7
fb11
02a7
086c
0c33
0e7f
1095
1337
158d
1653
15bd
1540
1516
1323
0d04
03ef
fc1a
f7ad
f577
f30d
ef74
ebe7
eae0
ec1f
ebb6
ea01
e9f7
edcf
f57c
fe44
04bc
081a
0b01
0eca
121e
13da
13e9
140a
154d
1680
1576
1125
09d5
0128
facf
f6fa
f431
f18a
eea4
ec41
eb5a
eb85
eafa
e9be
ea33
ee76
f6a0
ff4b
054b
08b0
0b79
0f02
12d3
14fe
13dc
12ed
1493
167c
15af
109d
0856
0015
faae
f742
f353
ef1e
ec2c
eba2
ec5b
ebef
ea13
e8e9
eaaa
efdb
f805
002d
05d0
09f4
0d6f
10a8
1359
1486
13e7
1362
14de
16a8
1572
0f77
063a
fe02
f916
f63a
f2e6
ee6b
eab9
eaf6
edb2
ed4f
ea3b
e8a7
eb88
f2aa
fb23
01b8
05ff
0a8c
0f97
12de
13c2
1326
132c
14c7
168f
163e
1314
0d56
056f
fdf4
f868
f4ab
f1ca
eec6
ec1e
eb5d
ecb2
ed67
eb94
e9c5
ec19
f3e2
fd93
048c
07da
0a3f
0e7b
13c6
1650
1395
111e
12f0
1664
16bb
11eb
09d4
0225
fcfd
f8e7
f381
ee69
ebe3
ec08
ed11
ece9
eb48
e9f1
eae8
eea8
f4f0
fcb8
03aa
08bb
0c4e
0f84
12c8
1505
14c9
12d8
1274
14bd
1580
1140
08b2
0007
fa94
f7d2
f488
ef00
e9d1
e981
eccb
ede2
eb51
e8db
ea7b
f0a6
f87d
feef
038a
086e
0e59
12c6
146a
141b
1384
13e8
1528
15c5
1416
0fb7
08c5
00e2
fa4f
f5ab
f201
ee83
eb9f
ea99
ebe8
ed90
ec57
ea1b
eb59
f145
f99d
00f6
05cd
0980
0e4c
1397
1606
1478
126c
12f3
1569
164e
1332
0cc3
058e
ff51
fa2c
f4fc
f00a
ed22
ec62
ec9b
ecaa
ec02
eb09
eb2b
edc5
f2ff
fa68
020a
07e9
0c0e
0f46
11eb
13bf
1465
13b3
133a
1492
14f0
11ee
0b79
0364
fc5e
f7bd
f44a
f037
ecb6
ebee
ecc2
ed1c
ebb7
ea20
eb0c
ef68
f5d4
fcca
0376
08f9
0d7b
1051
1157
11fc
1309
1423
14bc
14a9
1372
10f3
0c04
03df
fb83
f5ef
f339
f1aa
efb4
ed34
ebb6
ec9e
ed23
ebf1
ebce
eef7
f5ec
fea0
05bd
0999
0c05
0f03
11cd
135b
1350
1337
148b
15e7
14b6
0ff1
08cd
0104
fae8
f6b4
f2cf
effe
ee5b
ed30
ec38
eb75
eaac
ea58
ebdf
efc9
f6a0
ff28
062d
0a95
0d3b
0f54
1183
13c4
149e
13f9
1490
156d
1439
0f77
0767
fec5
f8d3
f5eb
f32c
efcd
ed69
ecce
ed79
ed2b
eb75
ea8f
ecd5
f268
f9ff
018c
069a
0ad2
0eb8
1140
1287
1314
134e
13ab
1481
1467
123a
0dbc
065b
fe77
f890
f4af
f1b4
ef06
ecc5
eba9
eca1
ed0e
ebdd
eb69
ed7e
f2f4
fad8
026e
0746
0a56
0dd1
112e
134a
1353
1281
12e6
142b
1408
10ef
0b4f
0411
fd9c
f8ed
f48f
f0da
ee51
ecf0
eca0
ece7
ec98
ebbb
ec76
ef74
f510
fca4
038b
0873
0bdc
0ed0
11b2
143f
14b2
130b
130f
1465
1476
1137
0a50
01f2
fb88
f81a
f4eb
f0b0
ed39
ec11
ed1b
edb8
ec59
ea97
eb75
f013
f768
ff0d
0424
0816
0c11
0f6e
119f
1288
1293
12c6
1415
1509
1393
0f8c
08a2
00d9
fab1
f6a6
f397
f07b
ed4d
eb5a
ec2a
ecc2
eb5f
ea10
eb57
f080
f8a0
00b4
05c9
0867
0b5b
0f4c
12b3
13d5
1369
13c2
156b
164c
13f6
0e06
05eb
ff2a
fad2
f74b
f3dd
f0a0
ee0f
eca1
ec27
eb72
ea4f
eab3
ed9e
f36a
fb11
0213
06e0
09c8
0c42
0f6b
12e9
1467
13fd
1485
15e8
1600
12be
0bde
0385
fced
f940
f68f
f311
ef59
ed0a
ec7f
ec0b
ea9c
e942
ea42
eeb9
f5ec
fd47
02cd
0706
0a50
0d04
0f9c
121b
1419
1585
1688
169b
153f
1151
0a5b
025a
fbc2
f7aa
f557
f315
efbd
eca7
eb98
eaf6
e9f7
e94a
ea94
ef4e
f700
ff03
04cc
0854
0acd
0dbb
10d2
12e2
1435
1581
1699
168f
14a5
1013
08c4
0107
fa86
f64f
f41c
f230
ef80
eca4
eabc
ea07
ea5d
ea91
eb89
f022
f817
0093
06d4
09ed
0b45
0dad
11c0
1421
1477
1488
1525
15cc
1443
0ed5
069c
fef0
f9a0
f679
f3e9
f0c6
ee76
ed81
ece3
ec00
eb2f
eafd
ec8c
f1f0
f9f3
016a
06e3
09cb
0bc1
0e6d
1170
131f
1362
1341
13a5
1491
12bd
0ca0
0489
fd77
f8ee
f653
f394
ef37
ec17
ec0b
ec7c
ec51
eb7e
eb61
ee36
f4a1
fc43
0272
06e3
09eb
0d5e
10f9
12e7
1350
136b
13d1
1437
141c
1173
0ad1
0327
fc63
f7d2
f50b
f226
ee90
ebe4
eb69
ec0d
eca2
ebb5
eb0c
ee7b
f5f5
fe4a
0478
07c5
09d5
0d88
1296
1420
12ff
1249
1332
14c0
1434
0f90
07fb
00f3
fbbc
f7a2
f3af
efca
edaf
ed80
ed71
ec7b
eb78
eb58
ec77
f067
f706
fec2
05b0
09e9
0c22
0e8e
11db
1434
1449
12ec
12c3
14ac
14e2
1029
07ad
ff40
f9f2
f7ad
f548
f022
ec16
ec73
ee23
ee1d
ec14
ea80
ec7a
f2bf
fa75
0070
04bd
08b5
0ce6
105e
11ee
1233
129b
139b
1454
1401
11df
0d0c
060d
fe4b
f85f
f55b
f3a2
f11b
ede2
ebec
ec20
ed0d
ec41
eae0
ecb3
f34e
fc64
03ec
07a7
0908
0bb9
107b
1313
1281
11a6
12dd
1547
15b5
11ce
0a7a
02e0
fd06
f8af
f4dd
f1a9
efbd
eeef
ee42
ed10
ebd2
eb7b
ec66
ef3e
f4e6
fce0
04a7
09e1
0c5d
0ddd
1014
12ae
13ad
12b9
12b4
1421
145f
10d1
0958
00a9
fa1d
f6bb
f457
f0d6
edd1
ed4f
ee35
edf6
ebf9
ea40
eb62
f039
f786
ff10
051f
0a29
0df8
0ff8
10ae
1110
11c2
12d8
13e9
13ec
126a
0f25
08f3
00b1
f90d
f403
f1b0
f091
ef01
ed17
ec8c
ece6
ec86
ebba
ec35
f026
f7c3
006d
06de
0a9a
0d59
0fe1
11da
124d
11f9
129a
1424
14cb
12ff
0e99
07fb
0080
f9b2
f44e
f176
f0a9
f022
eec4
ecea
ebb1
ec16
ed92
ee51
f0da
f78a
006f
0819
0c4c
0d71
0e14
10a7
139e
13b6
12bb
128d
133c
12d7
0ec7
06d7
fe13
f7e6
f491
f285
f027
ee15
ed79
ed70
ecf2
ec3a
ec53
ee18
f2c1
fa5d
01d6
07e3
0c12
0e45
0fbb
1161
12ec
13b3
13d0
1328
1251
10dd
0c4f
04d1
fcf4
f71b
f3f8
f254
f00e
ece5
eb97
ec2e
ed0d
ed6b
ed7d
ef71
f531
fda0
0501
096e
0bf8
0e90
11dc
13f2
13f2
1348
133f
1398
12fd
0ffc
09a4
0219
fbf2
f736
f3ab
f0a6
edfc
ec4d
ec02
ec3c
ec82
ed21
edd9
f0c1
f6f7
fe85
0500
0953
0c04
0e88
11ea
144b
13f8
12f4
1284
12af
11f9
0e68
07b8
002c
fa3b
f638
f322
efa6
ecec
ec35
ec72
ec5d
ec0f
ec7d
ee3c
f249
f8d1
ff95
0597
0a20
0d2d
0fa8
120e
13df
1485
141b
12fe
127f
118b
0d98
06a9
fef5
f90e
f5ef
f41b
f0d2
ec97
eb5c
ec43
ed21
ecfb
ec9a
ee64
f3e3
fb9a
022f
0676
0994
0d20
10b4
129c
12f7
132c
13d7
1449
138f
10cb
0b8f
0513
fe15
f7f7
f430
f1fc
efda
ed86
ebef
eb91
ec9f
ed85
ed08
ee45
f38f
fba7
0364
0855
0a9e
0cf6
112e
142d
13f1
128f
1233
1364
13e4
10e9
0a3b
02b5
fc80
f7d8
f451
f0cc
ee3e
ed7a
ed60
ecde
ec35
ec24
ecec
efbd
f56b
fcb8
0456
09ff
0d07
0ec3
108f
1257
135f
131e
1233
130f
13d4
1100
0a46
01e1
fab7
f67a
f466
f186
edfd
ed3e
ee3c
eede
ee06
ec61
ec8f
f0c0
f811
ff64
0535
0960
0d02
1031
11af
11bb
11a5
1224
12e1
136f
1266
0dd0
0758
0033
f997
f507
f241
f019
ee43
ed5e
ed0a
ed22
ed28
ec87
ed89
f1ef
f8f2
0075
0687
0a5e
0cff
0ff6
11ae
11d7
11b4
11cc
1282
1309
1175
0c9e
05f1
ff01
f893
f43c
f161
ef67
ee6c
ede5
ed58
ed28
edc4
ee42
ef45
f301
f97e
01a0
08b3
0cd4
0ea0
0ffa
11ae
134a
13f3
12ac
11f2
1276
1170
0cfe
05a6
fd9b
f757
f447
f283
ef99
ed7a
ecce
ed01
ed7f
ed84
ed6a
ef1a
f430
fb9f
0342
08bb
0bac
0de5
100e
11ca
12da
1326
1293
1217
127f
1074
0abf
0300
fb6e
f65d
f3f9
f22f
ef6b
ed0c
ec70
ecef
ed76
ece0
ecbf
efe1
f68f
fe84
050f
08f7
0b04
0e06
1159
12a6
12b0
127a
12a5
1332
12bd
0f0f
083e
00f3
faae
f6aa
f44e
f1b7
ef29
edb1
ed5c
ed5b
ed6d
ecea
ece7
f0c1
f7d8
ffba
060f
09a7
0ba9
0e40
1176
12e6
125d
1174
11c4
136f
1329
0e8e
06d2
ff13
f952
f620
f412
f076
eddb
edb2
ee30
edf8
ece4
ec02
ed54
f284
f9de
00db
06b0
0a7d
0d33
0f90
111c
11af
1205
1261
12ae
13ce
12d4
0dae
05fe
fde8
f7d5
f4ea
f397
f120
ee17
ed3a
ee2a
eedd
edae
ebee
ed66
f397
fc37
0399
07f3
09cb
0ca5
1077
11ee
117c
1131
1220
13d4
145e
110f
09e8
02c5
fcba
f7f1
f4ef
f2a1
f09a
ef2c
ee4a
ed60
eccc
ec50
ec1f
ef0d
f582
fdbd
051f
0965
0ac3
0c0f
0f27
11da
1246
118b
11c2
13d3
14aa
10e9
08e5
004c
fa22
f706
f535
f1e4
ef12
ee81
eee2
ee7e
ecdd
eb34
ebd5
f073
f763
fe77
04ed
0963
0c1d
0e21
0fcd
111b
1222
128a
1263
135a
1341
0f68
0851
0030
f9d2
f6a0
f54a
f2f3
ef7f
edcd
ee84
ef40
edd2
eb9c
ec48
f195
f9aa
0126
0602
08a2
0bea
0f4d
1095
105a
1052
1180
1380
1492
125a
0cc4
062b
ff6d
f970
f529
f280
f0f4
efdf
eec8
ede3
edb9
ed28
ec5c
eda3
f22b
f999
0199
0763
0a3d
0c2d
0ebd
10f8
119a
10cb
108f
1200
1322
1147
0bbe
043f
fd4a
f8aa
f557
f1fa
efbc
eecc
ee9f
ee92
ee0e
ed32
ed76
efef
f443
fb17
02dc
08ce
0c42
0ded
0f1a
10d1
12d5
1327
11b2
113e
1194
109e
0c1b
0430
fc1c
f720
f533
f3b1
f10d
ee17
edb5
ef63
efdc
ee98
edd6
f006
f5e1
fe20
0514
0853
0b01
0e01
1062
1190
1158
10b0
1107
122e
11c7
0ed2
0909
0186
fb1e
f6ce
f417
f23c
f088
eeae
edeb
eeef
eee0
edee
ee1e
f0ee
f747
ff61
05da
0924
0b39
0df0
1107
1286
1138
0fea
10de
12bf
12a3
0ec6
0783
ff85
faa2
f790
f400
f0d6
eeb0
ee33
ef12
ef8e
ee37
ecf8
ee5d
f27a
f923
0057
05e7
09e0
0cdb
0f36
1123
1257
117a
1021
10dd
121c
11b6
0da5
061b
fe39
f923
f677
f396
efcf
ecb5
ed10
efd3
f0dc
ef2c
ed76
eed3
f40a
fbab
0236
05ec
09fc
0e52
1148
1219
1117
0fe8
106b
123b
1266
0ffe
0b49
048d
fdde
f884
f4bb
f238
f043
ee30
ed44
ef00
f02b
ef35
edec
ef05
f475
fceb
0477
084b
0a23
0d48
11d3
13e1
11cb
0f1b
0f73
1215
1325
0fc5
088e
00fe
fc88
f8ef
f42d
efc8
ed65
ed7c
eef9
efce
eea7
ed2f
ee26
f185
f6db
fd81
03d5
08af
0bed
0e55
10c6
12e7
12a8
1062
0fc7
1121
11c3
0ebe
07bc
ffad
fa3d
f7e7
f56f
f0aa
ec7c
ec34
eeeb
f098
ef19
ec8f
ed17
f25c
f9e5
ffe7
03d6
0807
0ccd
10a3
123f
11cd
10c3
10b5
11e4
12bf
1146
0d53
074e
0090
faac
f64f
f319
f06d
ee4e
ed83
eee1
f04e
ef95
ee18
eee7
f37e
faa1
0183
0611
08e2
0cba
1119
12ce
1194
0fc8
0fbe
1176
1269
0fe8
0a30
0402
fef8
fa70
f5cc
f1a2
ef4d
ef07
ef94
ef99
eeec
ee19
ee96
f142
f588
fb4b
01c4
0765
0b55
0dfe
0fec
10fa
112f
1087
1036
10f8
112b
0ef9
09f3
032c
fc86
f7f1
f508
f1ad
ef33
ee9e
ef2f
efbc
ef4b
ee45
eeae
f22f
f773
fd29
0326
0856
0c5c
0ee6
0fdb
1013
10a7
1171
118b
1107
0f98
0d48
0972
0336
fc13
f691
f3b7
f253
f11b
ef4f
ee15
eef7
effe
efea
f010
f241
f757
fea4
05a6
096e
0b73
0e14
1042
1149
1104
1053
107a
1150
108e
0ce4
0771
0115
fb74
f716
f36a
f0c7
ef86
ef17
eeb5
eeb5
eec6
eeff
f08b
f37c
f874
ff24
0585
09dd
0c79
0e82
103f
11a5
1176
1066
1047
109d
0fba
0c59
064b
fed1
f91d
f65b
f38b
f0cd
ef41
ef20
efe1
f025
ef29
ee65
f06e
f522
fb56
01aa
06b1
0ab3
0df2
0ff1
108c
108e
109c
1106
11b2
10e1
0e90
0ada
0528
fe62
f885
f4a9
f232
f094
ef48
eea5
ef3c
ef98
ef4a
ef80
f171
f5a6
fc09
02f4
07a1
0aa8
0d94
0ff8
114f
112c
105a
1054
1140
10dd
0dec
092b
0336
fd93
f8eb
f4e9
f1be
efcd
eef0
eec0
ef22
ef1f
ef3c
f090
f303
f737
fd3c
03a7
08b5
0bfa
0e1a
1026
1234
1236
10e4
1059
109e
1051
0df1
08b3
0158
fb24
f7c3
f4e9
f212
efac
eea9
ef50
f036
efa7
ee66
ef2d
f2f7
f91d
ffa4
04f8
0946
0cc0
0f2d
1077
10e9
1076
1008
10a2
10aa
0f7e
0c74
06e7
ffe0
f996
f570
f314
f177
ef3a
edd2
ee7e
ef6f
ef5a
eedc
efad
f364
fa63
0225
06f6
09a0
0bdc
0e50
10a1
1182
10e0
1069
1145
11be
0ff8
0b18
041d
fdba
f936
f628
f3dc
f1d2
efd8
ee9b
eebc
eebd
ee8d
ef26
f13d
f5d0
fc79
0330
07f3
0a89
0bd6
0dcb
10b3
11d0
114f
1100
1142
1104
0ec2
096d
01ce
fb8d
f82c
f5d6
f3b0
f138
ef26
ee57
ee51
edd2
ed4e
ee6d
f1ff
f808
feb2
041e
0806
0a89
0c20
0dbd
0fec
117a
1213
125c
11d9
1077
0d4a
0792
006c
fa40
f684
f503
f44e
f1fa
ef89
ee9f
ee69
ee2d
ee13
ef17
f298
f96b
011a
062a
0960
0b51
0cd2
0e86
0ffd
10e3
11ac
1261
11d3
1005
0c5a
064d
ff7b
f96f
f553
f397
f337
f232
f032
ee81
edcb
ee90
efc0
f103
f430
fa50
01eb
0840
0ba7
0c14
0cba
0f2d
10e5
112f
10d0
1079
1056
0f88
0bdf
0499
fd43
f83f
f56b
f3df
f230
f08c
efcd
efbb
ef45
eef3
ef57
f0cc
f514
fb81
023e
07e1
0b5d
0cd2
0ddd
0f97
108d
1086
104a
0ffc
0ffb
0eba
0a71
037f
fc61
f72a
f4b2
f3a1
f11b
eef2
eeb4
ef53
efbf
efaa
efa1
f14a
f6ac
fe0a
03fe
084f
0afc
0d28
0f69
10d9
10d4
1077
10b5
10de
10aa
0e47
08cd
01f2
fb81
f6e3
f47e
f325
f107
ef0b
eef8
ef7e
efdc
ef7d
ef52
f1e0
f81a
ffe2
060e
0957
0a58
0c6a
0f84
10ad
0ff7
0f52
0fe7
1126
1128
0d73
0618
ff3d
fa43
f6cd
f444
f1ed
f04a
f010
f081
effd
ef20
ef03
f001
f386
f977
0083
06d5
0ab3
0c00
0cfe
0f7e
119a
1197
1066
0fba
1074
107e
0cf6
0589
fd58
f7fc
f6a3
f5e9
f271
ef11
ee7e
efb8
f062
ef73
ee44
efa4
f55e
fcd0
0276
063c
08d4
0b4f
0de4
0fb7
1034
1037
109b
10da
104a
0e08
098d
035d
fcca
f7c8
f581
f4e2
f33d
f01a
ee22
ee7b
efcb
f019
efa5
f0fb
f628
fe32
0573
08ba
08cf
0a60
0dec
10a4
10f4
0fe0
0f87
10ad
116b
0eae
07f8
0097
fb29
f805
f5f7
f3e2
f1d0
f073
f003
f003
efec
efb4
f06d
f332
f874
ff5c
05c1
09b4
0b2b
0c0f
0e0e
10a4
116d
1047
0f6f
0fe0
1004
0d65
071e
ff0c
f8e1
f6a0
f54e
f2dd
f05e
ef41
efc5
f09d
f04c
ef2a
efa7
f369
f9ea
00b3
05e2
0973
0c1b
0e05
0f1e
0fa2
0fbd
0f83
0fa6
0f83
0e31
0b28
05d9
ff1c
f8fb
f50c
f312
f206
f0c3
ef4b
ef40
f019
f078
f065
f11b
f426
fa45
020a
07c7
0a76
0c65
0e0b
0f70
101a
0fea
0fa8
101d
1056
0ecf
0b34
0564
febe
f8f8
f4c0
f286
f205
f1ed
f0eb
efa3
ef2e
efdc
f142
f286
f4ed
fa3c
01d0
08ba
0c84
0d21
0cb7
0e96
10ff
115a
103b
0f2c
0ed5
0e41
0b56
0495
fc56
f71f
f4db
f3ca
f280
f0b6
ef86
ef8d
f00a
f02b
f09c
f238
f65f
fcdf
034f
082a
0b1f
0c90
0d6b
0eca
105e
10e0
105f
0f4e
0e21
0c7c
08c3
028b
fb9c
f674
f400
f381
f28c
f043
eecc
eeec
efe4
f0c3
f160
f2e9
f76a
ff19
062b
09e7
0b96
0cff
0f05
10cf
1143
108c
0fe5
0fa7
0f1a
0c96
0723
0069
fa99
f689
f3fa
f22f
f084
ef17
eeaa
ef14
efe6
f0e1
f1f6
f470
f96b
0029
065b
0a31
0bc1
0d09
0f70
1141
116b
1089
0f9b
0f19
0e4d
0b7d
0591
fe70
f93c
f631
f417
f1d5
efc5
eed3
ef09
ef7b
efbb
f029
f1a4
f578
fb3e
0160
068c
0a01
0c03
0d9e
0f7f
10f7
1169
10d1
0fb0
0edf
0d9e
0a4a
0477
fdab
f838
f587
f49d
f277
efce
eea8
ef2c
f04b
f0cf
f0b5
f1bd
f61e
fd1e
0369
0780
09e9
0c21
0e92
1043
109b
104d
1026
1001
0f9b
0d73
08f8
033c
fd48
f849
f518
f358
f1bb
f007
eef9
eefc
f02e
f11e
f141
f280
f69d
fd35
03f0
0870
09f3
0b75
0e81
1092
10b1
0fbf
0f10
0f57
0fa8
0d8a
07ea
0153
fbe0
f801
f556
f2e7
f0ee
f013
f01a
f00b
efff
f007
f085
f367
f899
fef2
0519
0986
0bb5
0ceb
0e8d
0fe8
1075
1036
0f9f
0fd8
0fc2
0d16
0736
fffe
f9df
f684
f56d
f35c
f0fd
f019
f073
f10a
f0ee
f010
f013
f3b8
fa90
012f
0629
0925
0b3a
0d53
0ef2
0f66
0f4e
0f8b
0fcc
1004
0e9d
0a6d
04a7
fe92
f952
f5e2
f43a
f2e4
f148
f02f
ef76
ef94
f011
f056
f1a7
f58a
fbc8
026a
0796
09dd
0acb
0cbf
0ea3
0fa2
0fed
0fe1
0fc3
0f8c
0ded
0938
02cd
fcc7
f81a
f568
f3e1
f2a3
f190
f0b5
efa6
eeff
ef98
f0a8
f2f8
f72b
fcd9
032a
088c
0b73
0c0d
0c93
0dfe
0fcf
110b
10bc
0fc9
0eeb
0d1a
08df
0264
fb75
f659
f4f1
f480
f304
f124
efb5
ef2b
ef6e
efec
f052
f267
f80b
ff0d
0522
0903
0ac4
0bd9
0d41
0ec4
0ff0
10d6
10cd
1016
0f12
0c30
06e4
0036
f9fb
f5f2
f4ae
f46f
f2da
f0a9
ef46
ef0b
efa4
f013
f0c0
f383
f975
00f0
0729
0a0a
0a90
0bc6
0df3
0fb6
1081
10a8
1094
105f
0f82
0be7
0561
fe92
f919
f606
f4cf
f3d0
f221
f072
ef86
ef50
efc8
f006
f0ec
f46e
fa92
0198
074a
0a43
0af4
0c00
0e84
1011
102a
0fa3
0f78
0fc3
0ee8
0aec
0405
fd00
f81e
f5f9
f4b3
f2bf
f0e5
f022
f037
f03a
efd7
ef7f
f0c9
f5d6
fc7c
029d
074a
0a25
0bda
0d60
0ed6
0f93
0fc9
0fd2
0fdd
1006
0e9b
0a4a
03b9
fcdc
f7b5
f559
f4bf
f32b
f0fb
f01c
f07f
f11b
f0d1
f023
f15d
f66a
fdfc
04c8
088a
0a1b
0ba9
0dbb
0f1e
0f50
0f16
0f6b
104e
10ad
0deb
07f7
0159
fb98
f797
f559
f3f4
f28c
f14b
f08e
f013
efec
efb0
f014
f2bf
f811
fed5
050a
08f4
0a3a
0b0d
0d41
0f1d
0fb1
0f60
0f4b
0fea
0fdb
0cd2
0666
ff24
f9f5
f79c
f62b
f3ef
f187
f02b
f004
f024
efc5
ef0f
f014
f4ba
faf3
00d1
0554
0840
0a4b
0c5a
0e76
0ff0
10b1
109a
1059
1030
0eb6
0add
0505
feb3
f9c0
f75a
f65a
f41f
f14b
ef9e
ef99
f057
f06d
f00e
f15d
f61c
fcf4
0300
0660
0827
0a65
0d27
0f26
0fc9
0f9f
0f8d
1019
1065
0d9b
0865
028e
fd28
f90d
f64f
f44b
f279
f0fa
efab
eef8
ef3c
ef74
f01f
f286
f71c
fd3b
0358
0786
092d
0a8a
0cc2
0ecc
0fe9
0fd8
0f93
0fe0
0fca
0d3e
07d1
0115
fb5c
f81a
f608
f3e7
f204
f0d0
f02f
efd6
ef89
ef21
f067
f418
f8f5
fea1
044a
08b7
0b64
0cba
0d64
0e72
1074
1161
110d
104c
0ee2
0c43
07bc
0144
fa84
f674
f55e
f4a3
f320
f12c
f01d
f051
f09a
f051
f0c6
f3d2
f99c
00f7
0687
0945
0afd
0ca7
0e1d
0f06
0f58
0f61
1026
1116
0f5d
0b2e
0557
fed2
f95a
f5f4
f442
f34f
f280
f125
f043
f049
effd
efce
f109
f49f
faa8
01f5
07be
0a1c
0af9
0c5e
0e4a
0fae
0f9c
0f0a
0f68
1042
0f2d
0ae0
03de
fcdb
f8a0
f670
f499
f2a7
f0fe
f02a
f058
f09f
efa7
ef88
f202
f693
fcab
02e5
07b1
0a8a
0c20
0d35
0e91
100e
1018
0fa5
0fae
0f72
0db8
0991
030a
fbed
f759
f5bc
f465
f241
f006
ef61
f070
f15c
f0cf
f03b
f232
f757
fe5c
041d
07aa
0a46
0cab
0e9f
0fa6
0f9c
0ef6
0f44
1079
0fc6
0cc8
07fd
0203
fc1f
f795
f4d1
f36a
f282
f0e9
efdd
f058
f0f4
f10c
f166
f36e
f829
ff37
05e6
095e
0aa5
0c45
0ea5
1070
1049
0eff
0eaf
0fdf
0fff
0cae
0639
ff9d
faf7
f7c6
f4da
f226
f05e
efe4
f064
f0d2
efed
ef7b
f155
f50a
f9f5
ff81
04d0
0902
0bbe
0d36
0e69
1005
1083
0fd1
0f39
0efc
0e12
0b0e
0561
fe42
f8c5
f691
f509
f2a8
f007
eece
ef9a
f0e7
f0b2
ef7b
f07c
f578
fc55
022b
0603
08ee
0be4
0e8b
0ff6
0ff8
0f53
0f4d
1058
1039
0dbc
0972
0420
fe91
f9a3
f609
f3b9
f256
f12e
f01f
effe
f069
f096
f0e8
f2ad
f6d2
fcf4
035a
0765
0960
0b81
0deb
0fa2
0ff0
0f45
0efb
0fde
103d
0d41
0765
016a
fcb5
f952
f64e
f35c
f150
f0e2
f131
f0fd
f008
ef7a
f0fd
f486
f90d
fe14
034b
07db
0aeb
0cc0
0dcd
0eca
0fca
1011
0fdd
0f87
0e7f
0bbf
06ff
00ba
fa81
f71c
f57d
f3d8
f220
f0dd
f069
f085
f069
efb3
f05b
f469
fa0c
0005
0543
0912
0b9d
0d20
0d9d
0db4
0ea6
0ff6
10ac
103d
0e15
0ac0
0674
00e2
faab
f601
f429
f409
f3e8
f268
f09e
f017
f07b
f110
f233
f4fb
f9eb
00f3
0740
0a12
0b11
0bea
0d0b
0e40
0f08
0f30
0f82
1034
0ea3
0a51
04c0
fee6
fa2c
f6f8
f4b0
f304
f255
f1e7
f0d7
f005
ef83
f026
f29e
f66c
fb44
00fa
0660
09a8
0b3d
0c1d
0cf1
0e60
0f7a
0fd4
0fd8
0f5a
0d59
098a
0431
fd95
f8e9
f6ba
f52e
f3c7
f29e
f1cb
f15e
f13c
f08e
f077
f365
f7f6
fd66
02e3
0724
09f0
0bdf
0d1a
0d8c
0e4f
0f1b
0f9f
0ff5
0ecf
0bfd
0804
02f2
fcfd
f81a
f5b6
f474
f397
f274
f12c
f0ab
f09d
f081
f10f
f3a1
f803
fe0a
042b
07bc
09a5
0b42
0ccc
0e19
0ee5
0ef0
0efd
0ff1
0eeb
0b52
0699
011d
fc0e
f86f
f60a
f420
f2dc
f1e7
f0c5
f08a
f077
f0b5
f256
f56b
f9ca
ff64
0528
08be
0a45
0b72
0ce8
0ec8
0fba
0f6f
0f21
0f4c
0e63
0b28
05ed
ff25
fa12
f7a5
f610
f473
f2d8
f198
f10a
f12d
f088
efb9
f1bd
f601
fb96
0158
05cc
0885
0a3c
0b77
0c58
0dd1
0ec8
0efd
0f59
0f00
0d2c
09b6
048c
fe1f
f8e0
f6bc
f61d
f538
f344
f11c
f04e
f088
f081
f04d
f1ba
f5c8
fcaf
036b
06e7
081c
08fd
0a84
0caa
0e8b
0f11
0f15
1058
1059
0d86
086c
0212
fc88
f934
f7a8
f68e
f571
f3be
f1b0
f09a
efda
efa1
f0c8
f3a8
f853
fe8d
04aa
0833
0957
09b1
0ab4
0cf6
0eed
0fb7
0fff
105c
0fb1
0cdf
075d
0024
fad5
f847
f6ff
f5d0
f43f
f283
f153
f0d0
ef91
eec6
f07f
f487
fa4a
0039
04c6
07aa
0991
0a83
0b03
0cab
0e8d
1032
1149
10c9
0e8e
0ae2
05bf
ff79
fa24
f735
f646
f601
f499
f255
f083
ef89
ef25
ef9f
f167
f4e4
fb59
01dd
0609
0840
094a
0a12
0b79
0d8f
0f5a
1100
121c
10da
0dec
09b6
0451
feb7
fa03
f6de
f5b1
f600
f506
f259
efb0
ee02
ee63
f061
f2ec
f645
fbb9
025b
078c
09c9
0995
09b8
0bd7
0e94
1072
1122
10da
0f9c
0dbf
0989
02e9
fcee
f8e6
f6e8
f622
f522
f337
f168
f03c
eef9
ef3b
f0dd
f370
f7cc
fd7c
02fb
0714
0954
099a
0a0a
0c71
0ea4
1023
109f
0feb
0e8e
0c6d
0847
01e8
fbb7
f7c5
f6ac
f66d
f48d
f1e2
f015
ef6b
ef49
efca
f0ba
f2f2
f8a7
ff4c
046f
078d
08ed
09e3
0bc1
0e2b
0f88
1076
110f
1073
0ef7
0bc8
06a5
00af
fb5a
f79c
f63f
f61e
f40f
f193
eff5
ef05
ef20
eff1
f12c
f3d9
f975
007b
05f7
085e
086a
094c
0bf8
0e90
0fbc
0ff3
1008
101a
0f97
0b6a
0498
fe4d
f9da
f79d
f6b2
f56e
f334
f1ac
f109
efa7
eef0
ef5b
f139
f552
fb23
014e
067e
0975
097d
098d
0bcb
0e5b
1041
10cc
104c
0fb6
0ec2
0b58
04b1
fd30
f830
f764
f7fa
f65b
f327
f0c8
f020
f01d
efee
ef71
f126
f6f4
fde9
0351
0657
0786
087c
0a8c
0d0f
0e82
0fc9
10f8
111f
0fdf
0c92
0789
01d7
fc7d
f85c
f6f8
f78e
f634
f346
f07c
eee7
eee1
efa4
f08e
f2a4
f7c0
ff2b
0588
07fd
0775
07ae
0a41
0da1
0fb1
100e
0fe7
106b
106f
0ca1
0606
ff98
fb23
f914
f857
f731
f4e4
f2a3
f127
efe2
ef1b
ef5f
f14d
f520
fa6c
0044
0573
0881
0905
0928
0acb
0d86
0fe6
10cd
1097
100f
0ee5
0b9c
059c
fe58
f94a
f7e0
f7f0
f6f4
f483
f1f3
f092
f03a
efa2
eedb
f0a0
f577
fbf8
01fc
05d6
07a7
08c5
0a17
0b76
0d23
0f00
1063
111c
1033
0d56
0910
03d7
fe0b
f8ff
f65f
f5f2
f5fe
f49c
f1e7
efcb
ef1e
ef71
f058
f234
f58c
fba8
031f
0792
0908
097e
0a59
0c2e
0e6e
0fc6
1002
1098
1023
0d50
08d8
0324
fd9c
f97c
f6df
f54d
f4d6
f46a
f271
f05b
eef6
ef32
f179
f47b
f7a7
fc1f
025d
07e1
0ace
0ae9
0a36
0bd3
0efa
10fa
10e0
0f93
0def
0c33
0979
0303
fbfe
f7eb
f66a
f5fd
f505
f2d9
f08c
efe5
eff8
efe0
f160
f418
f869
fe3c
03a8
0759
0994
0ad7
0b2c
0c9d
0f19
109a
10fe
0fc9
0d65
0aad
0742
01d5
fb62
f6cd
f534
f581
f4e3
f241
efc5
ef13
efd0
f0f6
f254
f408
f898
003c
0632
0908
0a20
0b0d
0cbd
0eeb
101e
0fd0
0ff6
1007
0e8b
0b40
05f0
ffe5
fad7
f76c
f533
f416
f348
f1c6
f0ad
efe3
efb5
f0b6
f296
f549
f9d6
0090
06d4
0a3d
0b0f
0b2e
0c8d
0e91
0fa5
0f75
0ef9
0ebe
0e4c
0bc1
0546
fe19
f90e
f658
f4e9
f388
f1e5
f0df
f10d
f0ce
efd4
f01f
f214
f606
fb95
0174
0669
09e3
0b8f
0bea
0cc9
0e49
0fab
103d
0f9b
0e80
0d34
0a6f
04b6
fd48
f74b
f559
f5c8
f4fc
f29b
f0c9
f0a2
f148
f17b
f0fa
f142
f628
fdd1
0433
07ed
09a3
0aef
0cbd
0e58
0e6f
0e33
0f2e
0fde
0f7f
0d13
084e
0261
fc8c
f799
f4a5
f446
f3ef
f28f
f151
f061
f074
f131
f1c0
f2e3
f6ed
fe15
0570
09a7
0a25
0a48
0c40
0e66
0f11
0e9a
0e52
0eca
0fc1
0d77
069e
ffa4
fa81
f752
f597
f42e
f27c
f19c
f208
f14e
f037
f031
f148
f490
f9e3
0000
05a9
09e4
0b42
0b03
0c3f
0da1
0ebe
0f57
0f18
0ed6
0e96
0c31
05ed
fe73
f8d4
f677
f667
f553
f315
f1bb
f1cc
f1e6
f15e
f09b
f0c7
f53e
fc04
01ef
065c
091d
0a9c
0bd2
0d1f
0d7f
0df5
0f58
0f76
0ed3
0d29
0960
03de
fdf6
f8ad
f54f
f505
f4c3
f31d
f1c3
f0c4
f075
f0c4
f12b
f233
f608
fcc8
0362
07cb
0964
09f0
0b54
0ce0
0d9f
0e03
0ec7
0f39
0f2a
0d02
07bf
01d8
fca6
f867
f5a2
f468
f3cc
f33c
f2be
f10e
efbf
f047
f1d5
f460
f84d
fd87
035d
08ad
0b60
0b3b
0b6b
0c86
0e32
0fb1
0fec
0f05
0de0
0c21
0805
01df
fbb2
f75b
f5ba
f52e
f43a
f2ec
f1cf
f0f2
f08e
f103
f208
f4bc
f975
ff15
0478
0872
0a76
0b31
0bf1
0cf6
0e4c
0fac
0fb8
0ec4
0d50
0ab3
0645
0075
faa0
f678
f546
f536
f410
f275
f133
f0be
f0fe
f17b
f23c
f4a9
f9f7
00c3
0639
08fa
09e5
0ad1
0c47
0da4
0e6a
0ed6
0eee
0ec4
0dad
0a36
04c8
fee6
f9f9
f6e8
f5a7
f512
f406
f2cb
f1c0
f127
f14f
f1f0
f35b
f670
fb85
019a
06e2
099f
09de
0a8c
0c3e
0ddc
0ebf
0ec1
0e45
0dbf
0cc6
0986
039e
fd9f
f94d
f72a
f622
f4cc
f312
f1de
f17a
f148
f148
f1c0
f3b4
f7ec
fd55
028d
0699
0902
0a1b
0b40
0ced
0e25
0f09
0f3b
0ea2
0dbb
0bf2
0841
02c1
fcff
f872
f6a9
f69c
f551
f333
f1ba
f158
f1b4
f22b
f265
f39e
f842
fee5
045c
07af
08f7
09ea
0bac
0d80
0e19
0e19
0e6b
0e8b
0e14
0b46
0613
0084
fbdd
f86b
f665
f591
f45e
f2f8
f220
f139
f10e
f1ab
f2d7
f559
f9f4
ffb6
04f5
08ad
095b
099a
0b58
0d3c
0e47
0e79
0e32
0dce
0d7b
0afe
04af
fe9b
fa60
f805
f6e6
f57b
f352
f1b7
f18e
f16b
f122
f152
f2ad
f6a6
fc22
012d
050d
07d7
0960
0a80
0c84
0dfb
0ee8
0f5b
0ed3
0ddb
0c55
0915
03b7
fe2c
f9ec
f7db
f778
f60d
f387
f1a4
f11d
f179
f1ff
f23b
f302
f751
fdc9
02e4
05f7
076e
0899
0a90
0ced
0e3c
0e8b
0eca
0e91
0dcb
0b5b
06c7
0178
fcdf
f988
f781
f69c
f574
f380
f1a8
f06e
f07a
f172
f2ca
f4f6
f8f8
fe88
03ff
077a
082e
086a
09f4
0c5d
0e6f
0f44
0ede
0e0a
0d53
0b0d
05eb
0015
fb6b
f8dc
f7cd
f6dd
f54f
f37f
f1cd
f08e
f076
f10f
f2dd
f658
fae8
ffd7
0465
07a9
091c
09b5
0a67
0c05
0e7d
0ff1
0fb9
0e7e
0c9a
09b7
0597
0033
fa7b
f7b4
f73f
f6ed
f5ce
f3b3
f19c
f0ea
f1a5
f235
f313
f649
fb50
0153
060c
0828
08dc
09d2
0b53
0cff
0e9f
0eb4
0e5b
0e37
0c77
08d3
03d5
fe47
f999
f768
f6cb
f5e2
f4bf
f2bc
f11b
f10f
f19b
f234
f3c1
f727
fc22
02a6
0770
0878
08b5
09b7
0bad
0dff
0f44
0eac
0de0
0e32
0cae
0885
02a6
fc9a
f90d
f800
f759
f5bf
f3d6
f1e5
f104
f1b0
f184
f1dd
f45c
f8a7
fe06
037e
0743
0870
093d
0a68
0c0f
0e45
0f2a
0ed4
0e68
0dbb
0b77
0771
01cd
fb77
f871
f7d7
f712
f56b
f301
f0f8
f0b5
f1d3
f1d0
f1c1
f493
f976
ff90
0480
06d8
07cb
0936
0b36
0d2c
0ec9
0e96
0e78
0edf
0daa
0a5d
0596
0028
fb53
f8bc
f7ae
f69c
f54a
f2ec
f0fe
f0bb
f137
f1a8
f2c5
f588
fa1a
00ac
05c5
077e
0808
090e
0b4a
0e11
0f98
0eea
0e2a
0ed2
0ddc
0a2c
0444
fe3a
fa81
f901
f7db
f5f1
f3b2
f16f
f0c7
f13f
f0d6
f0ed
f2f2
f6e8
fc22
0180
055b
075a
08e5
0a14
0be8
0e34
0f3f
0f10
0ea0
0dfe
0c36
08d5
034f
fd39
f9e3
f886
f77b
f5c1
f31c
f0ba
f041
f13a
f133
f111
f339
f7ea
fe02
02e5
0579
06e1
08a6
0ad6
0d1d
0ece
0ef4
0f3c
0fb2
0ec4
0bc6
0710
01aa
fd05
fa32
f85a
f6e0
f573
f362
f195
f0d3
f0cc
f118
f22a
f4c1
f949
ff4e
03f5
064e
078e
08f3
0b17
0d7f
0efb
0efc
0eb3
0efa
0e16
0ab5
0557
fff7
fc37
fa1a
f87d
f67a
f429
f239
f159
f0df
f079
f0c9
f2ac
f65e
fb1a
ffa2
0339
05f4
07df
098a
0b6a
0d4c
0ed9
0fa2
0f6d
0e58
0c7e
0947
04a1
fff5
fc1f
f9b4
f839
f67c
f430
f216
f0d5
f05d
f0ad
f16f
f37f
f7ae
fc84
00a2
03bd
060d
07eb
0a0d
0c3c
0d6e
0ece
1011
1021
0ebe
0bbb
0786
0350
ffe2
fc5e
f967
f7ee
f66a
f4b9
f2c9
f0cd
efda
f0ac
f283
f4db
f8b4
fd18
0146
04ce
0697
07ae
0994
0c30
0e49
0fa6
0fef
0f03
0e0a
0b60
06d7
0237
fe68
fb93
f9c1
f83e
f590
f319
f1b1
f053
efe5
f07f
f21d
f53b
f9a0
fdd0
0157
04af
0648
07a6
09de
0c19
0e1f
0f90
0fc4
0ebb
0d48
0a72
05d5
0180
fd8a
facd
f970
f7fb
f5a4
f34c
f1c0
f0b2
f0a7
f100
f25a
f619
fae4
ff39
02ac
0548
070a
0901
0b78
0ced
0e4a
0f7c
0fd7
0f34
0d11
0941
04d8
011c
fd70
fa87
f8ed
f730
f545
f34f
f181
f081
f0bc
f1a0
f356
f718
fb77
ffb5
0350
0574
06e2
08ca
0b3b
0d57
0edb
0f4e
0f1b
0eba
0c69
0854
03f0
fffa
fca7
fa45
f880
f666
f4a2
f2dd
f121
f06a
f0a1
f1de
f47f
f83d
fc09
002d
046d
06bd
0812
0978
0b66
0dd5
0fa6
0fc8
0ed1
0de4
0bc2
0811
03ae
feec
fb7b
f9be
f86e
f685
f439
f1f2
f07d
f0b2
f0e4
f1f8
f502
f904
fd29
0128
0476
067b
0827
09cf
0b9e
0e20
0fb9
0fc9
0ed5
0cf2
09ff
069a
02fc
fe5a
faea
f95c
f81f
f65e
f3a3
f0c0
ef69
f044
f1b2
f345
f63d
f9d5
fe0a
01fd
0475
05f1
07b1
0a26
0cf7
0fc1
10aa
0fe1
0eb0
0c43
08d9
053d
01a9
fe46
fbc7
fa05
f7ee
f5af
f2d9
f02e
ef32
efe3
f1c7
f4a0
f805
fb22
fe87
0219
045e
0614
07fe
0a8d
0db3
104a
10e8
0fa4
0db1
0ad5
0786
0422
0099
fdc4
fbcb
f9e2
f75d
f463
f139
eef0
eecb
efd8
f232
f5b1
f94c
fc6b
ff29
019e
03d2
0641
0895
0b22
0e58
10da
1179
0fdf
0c84
08a0
05b5
038f
00ad
fdc6
fb76
f998
f786
f461
f0a4
ee28
ee49
f07d
f418
f7cc
fa9a
fd41
ffc3
01f5
0423
0690
092b
0c4d
0fe7
11e5
11d0
0f87
0b5f
0741
0471
02a0
00d2
fe91
fb7e
f8a5
f689
f361
efcf
edb5
ee32
f166
f61e
f9fc
fbbf
fd53
ff95
0214
04be
071f
09eb
0db7
115c
12b2
1146
0db6
0913
0603
0403
0200
000e
fdff
fb86
f8c1
f5ab
f180
ee26
edaa
ef57
f304
f72e
fa2b
fc06
fdd8
ffeb
0245
0537
079c
0aab
0ec8
11be
122c
1002
0c12
0801
05d6
049d
0228
ff94
fd08
fab6
f854
f4d3
f085
edb8
ee17
f0b6
f4d8
f84b
fa2b
fc2c
fe90
00d9
030c
0571
081e
0bf2
108b
1269
11c5
0f45
0b70
07f0
0594
03ae
0182
ff56
fcb6
fa22
f798
f39a
efa1
edb9
ee70
f151
f55e
f8a5
fa25
fc02
fe7e
00f9
036c
05a4
089d
0cf3
111c
126f
10d6
0d7f
09b6
075e
0587
0348
0102
fed9
fc81
f9df
f687
f1ad
ee33
edc7
ef68
f2b3
f657
f902
fac6
fc9d
feba
014d
043f
0685
09d3
0e54
11bb
127e
1085
0cc1
0903
0733
05fe
0390
00c7
fe08
fbe2
f9aa
f5f8
f115
edbe
edd3
f065
f41c
f6c9
f87f
faa2
fd1a
ff67
0182
03b3
064f
0a98
0f91
11cf
116b
0f13
0bb8
08b2
0670
046c
025e
006d
fe05
fbc2
f916
f4d5
f06d
ede1
ee24
f0e2
f4d6
f7ed
f98e
fb80
fddc
004b
0268
043b
0707
0ba1
1090
12f0
11d2
0e46
0ac7
088d
0684
041b
01c2
ffde
fe2f
fc22
f8a8
f35d
ef27
edd2
ef12
f209
f566
f847
fa9a
fca2
fe5c
0036
0267
04d0
085f
0cf2
10fb
12c4
1182
0de5
09ed
0753
05a1
03b3
0174
ff60
fdaa
fb6c
f796
f27d
ee3c
ecf8
ef36
f2ef
f604
f87a
fac1
fcee
fedc
0079
0222
04e1
0972
0e5f
119d
1230
1044
0d05
0984
066b
0424
02ba
014d
ff73
fd35
f9f3
f5da
f19d
ee57
ed62
ef53
f316
f6eb
f9d9
fb51
fca0
fe9e
00bf
0306
060f
0a19
0e70
11ef
12a8
0fec
0c76
0914
0648
046a
02ed
013f
ff66
fd15
f94f
f505
f151
eeb5
ee58
f011
f338
f71f
fa97
fc23
fc8c
fe25
00c2
0425
07c1
0b18
0e94
11a7
1282
102c
0c0a
07a5
053b
04b9
0366
0103
fe86
fbea
f8a7
f4b7
f06a
ed21
ee03
f152
f4c6
f7fe
fa36
fba3
fd24
feff
00c9
03b7
083d
0c6c
1005
11c7
10f2
0e58
0aca
070f
049d
042b
0339
0100
fe62
faea
f742
f373
efa7
ed70
eea0
f25f
f689
f9bb
fa84
fb2c
fd5a
ffe0
0233
0506
08e9
0d6c
11d3
130d
103c
0cd2
098d
06f7
0577
043f
0272
0083
fe6e
fa9a
f61c
f1d2
ee79
edde
efcc
f326
f708
fa5d
fb8b
fbd9
fdab
ffb8
0251
05a0
0971
0de0
11c3
12c4
1033
0c42
0816
058d
04c7
0365
0178
ffbf
fdb7
fa6f
f60a
f0ed
ece3
ed88
f06a
f3dd
f78b
fa3c
fbbb
fcf4
fe68
ffae
022b
0631
0a77
0f24
1225
1216
0f98
0bb8
077c
04d2
047b
0383
01b4
ffc8
fd2d
fa0f
f5da
f0be
ed10
ed8a
f135
f5bf
f967
fa8b
fb5f
fd43
ff23
00a4
02c3
064b
0b3a
10f8
131e
1104
0de0
0a66
0763
0588
0453
02e8
019e
fff5
fc60
f856
f3d0
ef89
edbe
eece
f1ea
f615
f9c7
fad8
fad8
fc61
fe68
0102
03db
0729
0bb7
108e
12a4
10a0
0cb1
0894
0669
05c2
0459
0260
00a3
fecf
fbf6
f7f5
f2a0
ee23
ee05
f041
f355
f6a3
f913
fa7b
fbb9
fd42
fed9
01a9
0533
08ed
0d74
10ec
11b3
0fd1
0c3b
0849
0612
05cd
0493
0287
0045
fdd9
fb32
f751
f22a
ee10
edcd
f0c2
f4e7
f805
f934
fa60
fc38
fe00
ff92
01b1
04ee
09a6
0f47
11db
111a
0e97
0b16
07ea
05df
049e
0375
0266
007c
fd4f
f9f4
f59b
f11b
ee54
ee2f
f0ad
f4f3
f8c9
fa31
fad5
fc1c
fdeb
0048
029b
0586
09f3
0ef4
11c9
1155
0e49
0a2f
07ad
0621
0465
02bf
013f
ff61
fcd3
f96d
f47f
f066
eee7
ef2b
f175
f500
f83b
fa68
fbcd
fc9a
fdf5
013b
0459
077d
0b5a
0ee2
112c
1150
0ea0
0a2c
0735
063d
0550
03d5
011e
fe4b
fc0d
f925
f4b3
f053
ee34
eee5
f2d7
f682
f837
f993
fb2c
fd00
ff29
0194
03e2
078a
0cc3
1017
1148
1019
0cd7
097c
0749
05cd
046d
032a
00a1
fde0
fb85
f7b6
f331
ef9b
ee1b
ef70
f36a
f736
f895
f9a3
fb33
fd93
0061
0264
0474
0849
0d7a
1139
1246
0ff0
0bda
0972
0800
062d
0403
01c5
ff8e
fdc6
fba2
f6dd
f1f5
ef2f
ee8d
f08a
f3ee
f6eb
f8f8
fac0
fc2d
fdfc
00b4
0279
04e3
0900
0d80
10e3
11d9
0f8d
0b34
0847
06f8
0568
034a
0078
fe62
fd54
fb5d
f6ed
f1af
ee59
ee26
f16f
f4c6
f6dd
f8f2
fb47
fd7e
ff5e
00d8
0208
051f
0a71
0e9a
10f9
10f4
0e87
0b24
0834
0600
0482
035e
00f4
feb5
fd2a
fa60
f60a
f157
ee23
ee37
f1ee
f654
f88f
f9dc
fb8d
fe1d
0086
0185
0240
0536
0ac7
1017
128a
10b6
0d29
0a77
0828
0583
02dc
00d0
ff90
fef6
fd90
f953
f45c
f099
eeba
ef5a
f1f3
f552
f888
fb23
fcc2
fe6e
0082
01d0
036c
0691
0b02
0f50
1186
1056
0cbe
098d
077a
0573
02f9
0060
fece
fe24
fc98
f8a4
f358
ef54
eeb2
f0c3
f334
f58f
f850
fb4d
fdd8
ff7d
0056
0146
0415
08a6
0d0c
1012
10e6
0f95
0cdf
09a6
06a2
046b
02b5
00cc
ff3d
fdc6
fb6d
f7b1
f337
efc3
ef16
f13c
f44d
f6d5
f8ef
fb56
fe20
0042
014f
024d
04cc
092a
0dfb
108d
0fbc
0dba
0b8b
0917
065f
03a3
0161
0003
ff13
fd01
f972
f574
f1f3
f00a
eff9
f178
f433
f78c
fa3f
fbf1
fd8d
ff40
0153
03c3
0684
09f8
0dc0
1053
1054
0e2e
0ac6
07c2
05c5
03bd
01a3
fff2
fe6b
fc55
f951
f544
f121
efb7
f061
f226
f4f6
f81e
faf0
fd20
fe90
ff64
013b
04a8
0804
0b46
0dff
0fab
100b
0e92
0b0c
0705
04a4
036e
0244
0060
fd90
faf1
f880
f569
f1e7
efb7
efe4
f27d
f687
f92a
fad8
fcca
fec8
009c
028a
04d9
07d2
0c11
0f6c
1011
0f24
0cdb
09d2
06f3
0483
026a
010c
fff7
fd82
fa85
f755
f3ee
f15b
f017
f079
f2e4
f6d0
fa02
fbd7
fd77
fef8
00ff
033f
0567
083c
0c14
0f7e
10b6
0f95
0c27
08bf
0691
0462
0219
0042
fecc
fd16
fac3
f725
f2c5
f08a
f039
f15d
f3f9
f72d
fa28
fcaf
fe8f
ff89
010f
03ae
0674
09c9
0d0f
0f6c
1053
0f2e
0bd3
07ed
0586
03e1
0241
005d
fe1a
fc08
f9be
f669
f276
efcf
ef74
f197
f529
f7e6
fa0d
fc4d
fe5b
0003
01a3
03aa
0690
0ad1
0e45
0fc3
0fc1
0e06
0b11
07f7
0567
036f
0219
009f
fe06
fb65
f89d
f56b
f26d
f05f
f025
f25b
f62f
f92d
fab2
fc25
fe24
00b1
02ee
04ca
0761
0b40
0f0c
10e6
0fff
0ca0
0981
077a
0597
0382
0173
ff96
fdc6
fb8f
f7d8
f364
f0ac
efdf
f0f1
f37f
f682
f92b
fb50
fcee
fe47
0059
02b4
0532
0862
0bd0
0eaf
1014
0f22
0be2
0846
060b
04aa
0324
00e3
fe74
fc82
fa60
f70f
f2fb
effe
ef65
f1d8
f52b
f763
f8fe
fac4
fcdf
ff1c
0139
0327
05ec
0a57
0e16
0fda
0f92
0d89
0ad4
0867
0676
04d3
0371
0185
fef9
fc6d
f938
f588
f23d
f03c
f057
f2d8
f664
f8cc
f9f4
faf1
fcbb
ff6a
01e6
0410
06f0
0afe
0edc
10cb
0f84
0bef
0909
076d
0635
04bf
02d4
009c
fe7a
fc25
f830
f3a6
f0ae
efcb
f127
f3e8
f6c3
f902
faa2
fb8f
fc8c
feed
01cc
0509
08ba
0c3b
0ef5
1031
0f12
0baf
081f
05fc
052a
049b
02e0
0045
fda5
fada
f748
f35b
f044
ef3b
f19f
f52c
f7fb
f9f4
fb34
fc24
fd7a
ff91
020e
0584
09ea
0d4e
0f71
0fe5
0e4c
0b50
080d
0561
0411
0417
0313
0078
fd62
f9f0
f697
f37a
f0d2
efb9
f196
f58a
f931
fb43
fbbd
fc6b
fe65
00cd
030f
05b6
093c
0d06
1052
10a9
0dc6
0a4c
0760
054f
040d
02eb
0135
ff4e
fd62
fa0d
f625
f294
f001
efcf
f1ff
f54d
f874
facf
fbc3
fc86
fea8
00cc
031d
060c
097b
0d27
100f
1053
0d5a
098a
06b9
055c
04ba
0315
00b5
fe9f
fca4
f9b4
f5d8
f1ce
ef2d
f069
f3ac
f6be
f925
facb
fc0d
fd9c
ff91
0118
034e
0732
0b40
0ed1
1088
0f88
0ca8
0960
0685
04b6
0413
0294
0089
fe99
fbfb
f89e
f4c4
f110
ef02
f05e
f425
f78d
f9a3
fa79
fb98
fdc6
fffd
01aa
03c9
075f
0be7
101d
10ff
0e7c
0b42
0892
068d
04fb
0366
017d
fff1
feb4
fba7
f78a
f374
f051
ef85
f150
f498
f7fa
fa88
fb71
fc06
fe0b
005d
02a4
0530
0860
0c58
101e
1155
0e9e
0a2c
0704
05f2
058b
03df
0141
ff0d
fd6f
fb02
f706
f222
ef02
efcb
f2cd
f5cb
f803
f98e
faed
fca3
fe98
0031
0273
05f7
09c3
0d3f
0f6c
0f6a
0d46
09fe
06e7
054b
050c
03d2
0160
febb
fc3e
f99f
f644
f257
ef7c
efe1
f364
f738
f924
f9a3
faa0
fccf
ff43
0126
0302
060f
0a8f
0ed4
102f
0ea9
0bf4
095d
0762
05d5
044e
02a6
011e
ff6e
fcb8
f925
f54a
f21c
f08f
f12c
f3b5
f718
f9be
faf0
fbd2
fd61
ff76
01a0
03e7
06eb
0ae3
0ebb
1077
0f18
0b76
0842
0696
0560
03b4
01bf
000c
fe8b
fc5d
f87d
f37b
f038
efc4
f185
f457
f70c
f934
fb0b
fcb4
fde9
ff2b
014e
0459
083b
0bfd
0e9d
0f8d
0e7d
0b88
07f2
057a
0443
037c
0235
000f
fd9a
faf0
f7ad
f3f2
f0ee
efc7
f182
f563
f886
fa5e
fbad
fce4
fe50
002d
0275
0547
0949
0d14
0f26
0f89
0e04
0b17
07e0
053b
0378
02c5
0245
001d
fce1
f96b
f634
f39f
f196
f07e
f184
f515
f92f
fbad
fc54
fc8b
fe38
0135
0434
06d2
0995
0c96
0f24
1022
0d98
09a0
06bf
0515
03f9
02b8
00d1
fe53
fbe3
f922
f58b
f2a9
f108
f11d
f32b
f63a
f90d
fb18
fc69
fd38
fef8
01f4
04f3
07e0
0a8e
0ce0
0e9d
0eea
0cc0
08f7
05fc
04af
0424
02db
002b
fd2d
faaf
f84f
f56b
f27a
f071
f11b
f479
f7c1
f9c4
fb11
fc6d
fe55
00c9
032f
053c
0810
0b60
0df2
0f1f
0e42
0bc3
08df
0686
04c9
0378
01e4
ff49
fcaa
fa34
f79f
f4fa
f283
f0fb
f195
f49b
f814
fa1e
fb15
fc33
fe7e
0166
03d8
05ca
0822
0b40
0e58
0fa5
0da0
0a3d
079b
0602
04c1
030d
00a9
fe20
fc29
fa08
f6ec
f3d2
f18b
f108
f295
f55c
f820
fa32
fb8c
fcb7
fef2
01d5
0478
06d9
093e
0bed
0e79
0f84
0dc5
0a0b
06d5
0585
0501
0369
0082
fd9f
fb8d
f9b5
f709
f373
f058
f09d
f3ad
f6f8
f92b
fa6f
fbb3
fda8
0027
024f
0421
06cb
0a1a
0d41
0f23
0edf
0cab
0990
06ac
04b4
03ae
0246
ffde
fd52
faee
f89b
f5f1
f2e3
f085
f099
f37e
f752
f9d2
fac2
fbcb
fe11
00d0
02ff
04b6
06fa
0a5c
0e47
1010
0e6a
0b4c
0879
0681
051a
038a
0174
ff5a
fda0
fb4d
f80a
f477
f184
f087
f1da
f4b6
f7e2
fa5c
fb91
fc6d
fe5d
00a9
02f8
0563
082e
0b98
0eee
1055
0e86
0ac8
0762
05a7
04e6
036a
0117
fee4
fd26
fb1a
f802
f3e2
f054
f018
f278
f58f
f844
fa27
fb8f
fd2f
ff2a
00df
02d0
05c1
091d
0c8d
0ee6
0f1f
0d5b
0a75
0750
04ec
03e0
02bf
00f3
fed3
fc3d
f96a
f662
f32f
f0a3
f058
f28f
f5f5
f906
faa8
fbae
fd3e
ff40
0156
03a7
0678
09a7
0d34
0f54
0ed1
0cbf
09f7
0732
051c
03ba
0261
00d6
ff07
fc07
f8bb
f5bf
f30d
f162
f15d
f30d
f607
f976
fba0
fc3d
fd4d
ff40
0205
050d
07b5
0a39
0d09
0f4f
0f53
0ceb
0939
064a
0513
043c
029b
0039
fd97
fadf
f841
f57b
f241
f0a9
f177
f3dd
f6e9
f978
faf4
fbf3
fd8c
ffa9
0237
053e
0806
0ad3
0d75
0ed4
0e2f
0bc5
087f
05b6
04b7
040b
0244
ffd2
fd0c
fa56
f7bc
f4e7
f1f9
f07f
f1aa
f4b1
f7e9
f9e2
fac5
fbf8
fe0d
0099
0336
05ed
08a3
0bc1
0e8a
0f30
0db7
0b0d
083b
062c
0507
03d6
01cc
ff6d
fcc4
f9f6
f721
f41a
f1a5
f0ee
f259
f529
f848
fa60
fb25
fc80
fea8
010b
037b
05f3
08aa
0bd0
0eaf
0f78
0da2
0a92
07a8
05d9
04a3
0300
00c0
fe6b
fc26
f9af
f6cc
f353
f0e4
f0ca
f2a1
f571
f831
fa22
fb62
fcfa
ff20
0144
03a7
063d
093a
0c86
0efb
0f55
0d6a
0a30
06f6
055b
04a7
0323
00e6
fe86
fc48
f9fe
f725
f38f
f0a6
f0a8
f361
f6bf
f934
fa66
fb78
fd54
ffaf
01c7
03c1
0636
09b8
0d61
0f15
0e42
0be2
0924
06e6
057e
0460
02a3
0090
fe53
fba7
f8b7
f584
f295
f106
f1a3
f408
f72a
f9aa
fa8a
fb60
fd2b
ff85
01eb
043e
06d0
0a0b
0d8e
0f49
0dc3
0adf
0833
0696
0592
0414
01d8
ff9d
fdc9
fbb0
f8a7
f4de
f206
f18d
f304
f53e
f763
f91c
fa7e
fc2e
fe5e
006e
02a5
0531
0813
0b2a
0da2
0e61
0d12
0a8c
07e4
065d
057f
03ec
0195
ff25
fcf8
fad3
f81e
f49f
f19d
f178
f3ad
f643
f818
f92a
fa6a
fc83
ff0d
0122
02e0
0528
087d
0bf9
0dde
0d91
0bd8
09be
07dd
0658
04eb
031e
0110
fec8
fc2a
f96f
f69a
f3e9
f218
f1f3
f38d
f63d
f8a4
f9cd
fabf
fc76
feee
019b
040b
0650
08fa
0c31
0e64
0dfc
0bcb
0938
075f
0631
04dc
02da
007b
fe2a
fbde
f93d
f623
f372
f225
f271
f40b
f65b
f8a2
fa48
fb79
fccf
fef3
01f1
04f9
0792
09f0
0c3a
0df5
0e3a
0c5b
08ef
0682
05b2
0520
038e
00d1
fdc3
fb44
f92d
f669
f302
f118
f1da
f4ab
f7a2
f961
fa32
fb3e
fd29
ffa8
0224
0462
0737
0a98
0d46
0e52
0d7e
0b3a
0880
066b
0531
0429
029a
0026
fd56
faae
f802
f525
f289
f122
f1d1
f4cc
f816
f9be
fa70
fb7e
fd9f
0076
0315
0525
079e
0b37
0e5a
0f1f
0d56
0a60
0810
06ce
05b2
03e1
0179
ff0a
fd15
fae2
f798
f43b
f21e
f1ce
f32e
f599
f805
f9c4
fb29
fc97
fe93
0121
039c
0609
08c9
0bc7
0e2d
0efd
0d5a
09d7
0741
061c
0538
0381
00cf
fe0f
fc28
fa96
f7b0
f3b6
f127
f142
f3a3
f672
f859
f99e
fb38
fd6d
ffc9
01cc
0370
0608
0998
0cb6
0e5f
0e37
0c63
09a7
0741
05aa
048c
031b
00aa
fdec
fba2
f975
f6b8
f397
f139
f11c
f425
f7d4
f9b2
fa5a
fb5d
fd99
0082
02d2
0420
0618
0a25
0e19
0f6c
0ddc
0af3
0898
0735
05e0
03d5
0174
ff56
fdbd
fbc6
f896
f514
f296
f1bd
f287
f490
f70d
f92e
fac9
fc1d
fdf9
0088
0301
051e
076e
0a59
0d36
0ea6
0d64
0a17
079b
0685
05a7
03e5
0133
fe83
fcaf
fb2d
f844
f424
f18e
f1ab
f3b2
f5f8
f790
f8d7
fa9f
fcf0
ff25
00eb
02be
0570
08e1
0bff
0dce
0df1
0c9c
0a64
0816
063f
04d8
034d
012f
fec6
fc7a
fa24
f74f
f41b
f1b5
f193
f3fb
f6c8
f888
f993
faf1
fd12
ff7f
0181
032d
058e
095a
0ce6
0e32
0d1d
0ae7
08d1
0741
05d9
0425
0241
0091
fec8
fc39
f8e8
f580
f2fc
f20e
f2cb
f4b7
f72a
f964
faba
fbac
fcfd
fef4
0177
044d
0756
0a80
0d49
0e7f
0d42
0a82
07cb
060e
051c
0420
029a
00a5
fe6c
fbb6
f856
f4aa
f228
f1d8
f35c
f5be
f82f
fa34
fba4
fcb5
fda8
fef8
0174
04e8
087e
0b7c
0d54
0dc7
0ce4
0ad2
07d1
0541
0438
03c6
02e6
00f4
fe0a
fad3
f7d5
f509
f2a7
f1d1
f338
f622
f932
fb14
fbdd
fc8c
fde0
ffe8
0288
0589
08db
0c2d
0e2e
0e28
0c74
09d0
0724
0531
0409
0309
01e9
0022
fd51
f9f1
f687
f3a7
f1f9
f1e1
f343
f5f4
f938
fb38
fc13
fcd5
fe2f
0072
0356
065b
095a
0c5e
0e8a
0e8e
0c8a
095c
06a0
051c
0435
0306
014c
ff2b
fcaf
f9da
f666
f343
f1cd
f240
f427
f6d0
f963
fb32
fc7a
fdb0
fefd
0102
03c4
06e4
0a08
0c9a
0dfb
0dda
0c2b
0904
0603
0479
03a5
0299
00c9
fe51
fbac
f911
f629
f330
f19f
f235
f497
f796
f9d8
fb2f
fc49
fdb4
ff7f
01a7
0413
070c
0a64
0cd7
0dac
0cef
0af5
085c
0608
047a
0353
0229
0059
fdcf
fb14
f856
f5b0
f385
f261
f2b3
f4d9
f81d
fa5a
fb64
fc45
fde1
0054
02fa
0547
0795
0a84
0d32
0dff
0caa
09ff
078c
0604
04f0
038c
01a4
ff6a
fd27
fac2
f7a2
f48f
f2c2
f2a0
f3f5
f634
f892
fa60
fba2
fca0
fe07
0057
031e
05f4
08b6
0b2b
0ce4
0d70
0c46
094f
067f
0514
0471
0380
0185
fec5
fc12
f9ba
f707
f3f1
f218
f269
f4a1
f757
f93f
fa43
fb26
fc93
feaa
0128
03a2
068a
09cf
0c5a
0d6d
0cdc
0af4
087f
067a
053d
0480
03a0
01b0
fee8
fbf5
f904
f62e
f3d9
f29c
f2fe
f565
f894
fa87
fb4b
fbcf
fd11
ff58
0207
047e
0712
0a4c
0d25
0e1f
0ccb
09ff
0766
05d2
04f4
0412
02bb
00bd
fe6b
fbcd
f876
f52e
f304
f27d
f3a9
f610
f8b7
fab1
fbcb
fc2a
fd06
ff1e
01fe
0526
0846
0b09
0cfe
0dc3
0ca8
0999
06a8
04f5
0459
03ee
02a7
0048
fd75
faa8
f797
f496
f2a5
f264
f414
f6c3
f933
fad2
fbbe
fc61
fd7c
ffac
02a3
0612
095f
0bb2
0ce7
0d00
0bdc
0993
06e7
04bf
03e8
03cf
02a9
0006
fca1
f94c
f694
f499
f32b
f28c
f3f5
f70a
f9df
fb6e
fbcc
fc42
fdf7
00d9
03eb
06c3
096f
0ba9
0d3e
0d39
0b52
0897
063e
04d4
042a
0377
01aa
fef2
fc16
f910
f64d
f427
f2d7
f2d1
f466
f706
f987
fb04
fb63
fc3a
fe6a
0158
044e
06fc
0964
0b93
0d5c
0d80
0b0a
0809
05ed
0507
0485
0324
0090
fdac
fb3b
f8ce
f631
f3d2
f28f
f34b
f588
f804
f9d1
fad2
fb94
fd18
ffb0
0249
04ee
07b9
0a53
0c67
0d62
0cab
0a6a
07cb
05d0
04ff
0474
02cb
001b
fd36
fa83
f7f1
f57a
f346
f202
f330
f605
f89b
fa0f
fa9c
fb65
fd54
002c
02ed
056d
0825
0aed
0d1a
0d92
0c13
0999
075d
05fd
0547
0464
0253
ff96
fcf0
fa1e
f742
f4b1
f2e6
f283
f3eb
f684
f914
fa91
faf3
fbb1
fdcd
00cc
03d8
068a
0900
0b6b
0da2
0e31
0c18
090b
06c9
05ed
05a3
0483
01f8
feda
fc37
f9ca
f6ee
f40f
f25f
f2d1
f4f3
f771
f928
f9eb
fa6b
fbbf
fe3b
00ed
03b5
06b1
099f
0bfa
0d28
0cb9
0ad8
0864
0666
058e
052b
03fb
0194
fe78
fb5d
f89a
f619
f3c7
f244
f2f6
f563
f7f6
f964
f9be
fa3e
fc02
fef7
0204
0491
0730
0a2e
0c9a
0d44
0bf8
09b2
07c6
06d7
066f
0585
0380
00d5
fe0d
fb21
f80e
f540
f36f
f321
f44b
f669
f8a1
f9d3
fa36
fad7
fc7f
ff3d
0279
057f
0820
0aa4
0cd7
0d6a
0bd2
0910
06e1
0618
05fc
0528
02ec
ffd4
fce5
fa60
f773
f46c
f298
f2c1
f49f
f712
f8dd
f991
f9f5
fb0c
fd08
ffb2
02c8
0609
091e
0b76
0c8c
0c48
0ae9
08ac
0685
056e
050f
0483
02e0
fff3
fc6d
f940
f6b4
f496
f325
f302
f4ae
f76d
f99e
fa8c
fad9
fbaf
fdab
00a0
03af
0675
0953
0baf
0cc9
0c6c
0ad4
08ac
06c6
0583
0489
0398
0210
ff69
fbf8
f887
f5e4
f46d
f3e0
f3ca
f49f
f712
f9c8
fb5c
fbc0
fc27
fdf8
0155
0504
07c8
09a6
0b35
0c91
0cab
0aac
07b9
0592
04cf
0497
039b
0123
fdc4
fae6
f85f
f5ec
f418
f366
f419
f600
f850
fa0e
fb0c
fbb9
fcbc
fee1
0207
0573
086a
0a85
0bc2
0c61
0c2c
0a41
0747
052b
047d
0466
035e
00b1
fd25
fa16
f7e1
f5f4
f409
f2ed
f3eb
f6b6
f984
fb03
fb6a
fbf7
fdb8
009e
035c
05a1
082f
0ac4
0c9a
0cfe
0bb9
095c
0701
055b
0456
038d
0227
ffdd
fd0b
fa1e
f77e
f56c
f3eb
f317
f3e1
f6c2
f9c4
fb6b
fbc1
fc20
fdce
00b7
03a8
05d8
07cc
0a42
0ca9
0d41
0b5c
0845
05c7
04a8
0448
0360
013b
feaf
fc9c
fa3d
f76a
f4be
f315
f323
f4ed
f790
f9f2
fb8f
fc2b
fcd4
fe90
0138
042d
06dc
0912
0b02
0ccf
0d86
0b9c
0816
0549
045d
047a
03b9
0143
fe11
fb95
f9d6
f7b8
f4a7
f26c
f2f5
f5c8
f8e4
fabf
fb4d
fbb3
fd2e
ffa4
01b7
03b8
064e
0936
0bbe
0cf4
0c49
0a1c
077f
0534
03e2
035d
0253
005d
fdd5
fb32
f8d4
f6b5
f475
f27b
f2b3
f59b
f900
fb1d
fb9f
fbfc
fda1
0060
02d8
048c
065d
0948
0c77
0dab
0c22
0949
06d3
056d
04a3
0389
018c
ff8b
fdd8
fb92
f8c1
f5e1
f3ab
f2fa
f42d
f69d
f942
fb4f
fc1e
fcca
fe4a
0075
02e7
0553
07a7
0a16
0cb3
0e02
0c37
08f9
062f
04e3
0486
039e
0188
ff19
fd2e
fb3f
f898
f55c
f2ef
f2e3
f4e7
f78c
f9aa
fb05
fbf6
fd37
ff07
00bf
02d6
0585
0857
0adb
0c7e
0ca2
0b22
08ad
05f7
0426
036d
0296
010b
fee7
fc69
f9e5
f793
f547
f32a
f2f2
f4ec
f7bd
fa2f
fb8d
fc4f
fd6f
ff45
014c
0363
05d2
086d
0af2
0c68
0c1b
0a72
0834
0601
0447
032a
0216
00b2
fedc
fc3b
f96a
f707
f537
f418
f40f
f550
f7a9
fa81
fc47
fcf1
fdb3
ff40
01a3
0460
06d8
08d2
0ace
0c8b
0c71
0a7b
07a7
053c
03f0
0348
023d
0063
fe1d
fbab
f955
f709
f4cb
f392
f412
f601
f880
faab
fbfb
fcb5
fdda
ff7f
019e
0438
06d7
0930
0b1a
0c2b
0bba
09bf
06ec
0498
0399
0318
0201
0022
fdd2
fb6b
f914
f6bb
f445
f31d
f431
f6b3
f961
fb3d
fc28
fce4
fe47
003c
023e
047b
0712
09d2
0c03
0c9c
0b64
091a
06ba
04e2
03d3
0306
01a7
ffe5
fdbf
fb3a
f898
f61c
f426
f36f
f48d
f6fe
f9b0
fb8c
fc65
fd39
febb
00c5
02eb
050f
0750
09da
0c2f
0ca5
0b0b
087d
060c
0465
0374
0284
00ee
fefe
fd00
faaf
f826
f59d
f3de
f3c5
f54e
f7ab
fa06
fbdb
fcd2
fda8
ff13
00ed
0327
058f
07f4
0a3f
0c17
0c85
0afb
082f
0578
03e7
0354
0296
010a
fee7
fcab
fa80
f846
f59f
f39b
f3cf
f5e8
f8a1
fadb
fc1f
fcd0
fdd9
ff8e
014c
0331
0599
0865
0b09
0c64
0bd3
09c9
0759
053b
03d4
0313
020a
009c
fec5
fc71
f9d0
f72d
f4da
f37b
f3e8
f601
f8be
fb03
fc22
fcba
fdc0
ff7c
0192
03af
05d7
0867
0b40
0c93
0b92
092a
06ad
04fc
0415
032f
018c
ff9a
fdf6
fc1a
f9a7
f6c1
f466
f3bb
f4e9
f709
f91d
fab7
fbc1
fceb
fe86
0057
0261
049d
06ff
096f
0b88
0c59
0b4c
08eb
0677
04f4
0446
0369
01b9
ff70
fd2e
fb3e
f93a
f663
f3f5
f3a1
f550
f7ca
f9c7
facd
fb75
fcc9
fee3
00eb
02b8
04b8
074a
0a06
0bc6
0bc5
0a44
0828
062c
04dd
03f9
02d7
014d
ff32
fcb7
fa45
f805
f5dc
f431
f3db
f550
f7ee
fa3a
fb54
fbd7
fcca
fea4
0117
0383
0576
07a1
0a4d
0c0b
0bf4
0a2b
07ab
05aa
049d
03d7
0285
00c2
fea7
fc6b
fa15
f787
f54d
f421
f453
f5b8
f80b
fa6d
fbcb
fc8c
fd5a
fee8
0165
0429
068a
088e
0a7b
0bee
0c2a
0a62
076b
0528
0439
03d8
02f4
010b
fe65
fbfa
fa19
f7a0
f511
f3af
f42e
f670
f93a
fb1c
fbc7
fc55
fd88
ff7f
01c9
03ef
0657
090f
0b43
0c19
0b56
0936
0678
04a2
03cf
0326
0225
0052
fdf0
fb84
f929
f697
f44b
f347
f44a
f70e
f9e6
fb7f
fc1b
fcb4
fe0c
0040
02b2
0485
06ab
09a6
0c00
0c9a
0b25
086a
05f6
04cb
043b
0309
0132
ff22
fd56
fb7f
f8ec
f610
f41e
f3eb
f558
f7d7
fa2e
fb7d
fc7c
fd8a
ff04
0101
031a
0516
0756
09f3
0bee
0c4c
0aa2
07b9
0563
0440
0399
0274
007d
fe1d
fc58
fb28
f8d4
f5d5
f3d9
f3ea
f5ec
f8a4
faa5
fba5
fca8
fe35
ffff
019b
0307
050d
07e3
0a9a
0c06
0bc7
0a0e
0764
052e
03c5
02c6
01c6
003b
fe34
fc31
fa5a
f820
f57e
f39e
f3c6
f621
f93a
fb69
fc6c
fd26
fe87
009d
0284
0387
052e
0848
0b4f
0c9d
0ba6
092f
06a9
04ff
03c3
022e
0086
ff25
fdf7
fc70
fa04
f717
f4ca
f3fb
f4a2
f66d
f8dd
fb17
fcc1
fdf1
ff1f
00ac
0276
0432
060f
0882
0b14
0c3d
0b44
08cd
064e
04a3
0389
0232
0048
fe50
fd12
fc03
f9b3
f691
f446
f3f4
f568
f788
f958
facd
fc85
fe84
002a
016e
02c1
04ad
0746
09dc
0b75
0b91
0a77
08a2
0686
04b0
0331
01c2
002d
fe74
fcb0
fae1
f8ce
f651
f463
f454
f5fd
f83e
fa1f
fb74
fcbd
fe79
007f
021f
0349
0501
07aa
0a4d
0b8b
0afd
094e
0776
05e1
046b
02b2
00d5
ff6b
fe26
fc61
fa05
f77f
f573
f478
f4d5
f623
f815
fa42
fc06
fd5a
fea2
0024
01ed
03e2
05e6
0814
0a5d
0b97
0b2b
096c
0721
052b
03d6
02a5
0103
ff45
fdc5
fc14
f9f2
f761
f534
f479
f550
f6fc
f8d3
fab4
fc67
fde9
ff3a
0063
0201
0447
06d0
0913
0aaa
0b45
0ae4
0987
0720
04c5
033d
0242
013d
ffb6
fd93
fb3e
f955
f769
f563
f47b
f523
f729
f9b7
fbbf
fce5
fde1
ff5c
0105
02ce
04bb
06e8
0951
0b18
0b71
0a64
0891
0669
0473
0304
01a7
006d
ff0c
fd17
fabd
f872
f682
f52d
f4d2
f573
f758
f9f7
fc0b
fd4e
fe3b
ff61
0117
0355
057a
074a
096e
0b1e
0b81
0a76
083a
05b7
03e9
02dd
01ad
0020
fe87
fcb8
fabd
f870
f62f
f4d4
f4dc
f614
f810
fa62
fc4e
fdcf
ff0e
0030
01ba
03bf
05f4
0819
0a02
0b22
0b49
0a56
0803
055f
0385
025b
014c
ffe4
fe04
fbe4
fa04
f808
f5dd
f48d
f4a8
f635
f89b
fae0
fc6d
fd99
feeb
0069
0223
03ef
0608
087d
0a80
0b49
0acd
096a
0747
050b
0377
0228
00fc
ff9a
fdb1
fb78
f952
f761
f5c0
f4d5
f501
f6a2
f934
fb74
fcdb
fdc7
fef5
00cf
030c
04e2
0684
08c5
0ac1
0b8b
0acc
08c1
0664
04b0
03a3
0265
00bd
fee2
fd0e
fb3e
f904
f6a0
f4f7
f4af
f5aa
f77f
f9b1
fb86
fcec
fe10
ff4d
0109
0326
054a
0750
0938
0aa1
0b33
0a56
080a
0587
03d2
02e8
020e
0081
fe24
fbd5
fa44
f871
f63e
f4b7
f4a2
f637
f8aa
fab4
fbbc
fc7b
fdbd
ffab
01df
03d0
05c4
080e
0a29
0b3a
0ade
0959
0730
0546
03fc
0317
0222
0089
fe4e
fbe9
f9ae
f79d
f5ef
f4ea
f511
f6e5
f97e
fb7c
fc85
fd14
fe00
ffe5
0284
04a7
0656
0885
0a91
0b7c
0aba
0894
0624
047e
03b2
02fd
01c2
ffd9
fdcf
fbb5
f93d
f6c7
f517
f4ab
f58c
f790
f9e1
fb96
fccd
fd78
fe34
ffc6
022a
04d0
0750
097b
0ae8
0b5b
0a77
0832
05a3
03cd
02fa
029c
01b7
ffb5
fd30
fae7
f891
f671
f4fd
f4b8
f5ff
f852
fa90
fc06
fcfa
fda1
fea1
0079
02c1
0558
07fb
09ff
0ae1
0ab6
09aa
07bd
0583
03ab
02a4
0239
0168
ff8e
fcde
fa0f
f7bd
f64c
f56b
f517
f63b
f892
fb0c
fcc4
fd7b
fdd2
fefb
015f
03e1
0609
0806
09a2
0ab3
0ab2
094d
0704
04e9
0380
02b8
020d
008c
fe71
fc27
f9c2
f791
f601
f53e
f550
f694
f8c7
fae6
fc65
fd1d
fdd2
ff52
019e
041e
0663
083d
09a1
0ab3
0a94
08e5
068f
0495
037f
0310
024b
0048
fdc1
fbb6
f9a6
f7ab
f613
f545
f5d0
f7a5
f9d6
fb6e
fc64
fd0c
fe40
003b
0268
049c
06cf
08c7
0a34
0ad9
0a4a
0878
0653
048a
0394
030f
01ec
ffd3
fd56
fb08
f8ed
f731
f5c5
f4f8
f5d4
f802
fa4c
fbc9
fc5f
fcc1
fe09
0078
02e4
04f3
0706
0909
0a95
0af2
09cb
07b0
05ab
043a
0388
02ee
0160
ff46
fd12
fabe
f87c
f6af
f585
f520
f622
f85e
faa8
fc4a
fcf1
fd62
feae
0109
03b4
05fb
07c3
095a
0ad4
0b1e
09ab
0730
04e8
03be
038f
0315
0120
fe78
fc54
fa4f
f835
f62f
f4ea
f531
f702
f949
faf8
fbed
fc64
fd57
ff1f
0145
0396
05fd
0838
09e0
0aae
0a55
08b7
0687
0490
038b
0343
02a4
00e6
fe49
fb9c
f966
f7ad
f60e
f50d
f59e
f7a0
fa07
fbab
fc21
fc23
fd25
ff91
0221
0440
064a
086d
0a3e
0ad8
09c6
07a4
05a6
046c
03f5
0383
024f
006d
fe37
fbd3
f96a
f74b
f5dc
f579
f667
f85e
fa82
fbf9
fc7c
fcbe
fdb1
ffb3
0258
04e3
06e1
08aa
0a47
0abd
0990
074b
0511
03d7
03a9
0379
0211
ffa9
fd55
fb2f
f8e6
f695
f4fc
f4e3
f662
f8b7
faca
fbd4
fc35
fcdf
fe16
ffe4
0234
04bf
0729
0927
0a5d
0a60
0922
071a
04f2
038d
030d
02b6
01a7
ff94
fcf2
fa82
f888
f6ca
f583
f544
f682
f8e6
fb44
fc90
fceb
fd63
feb7
00e7
0338
054f
076f
096f
0aa6
0a8e
093c
071d
04e6
0389
02bc
01f8
00d2
ff04
fca3
fa1e
f7f9
f685
f5c8
f59d
f688
f8b6
fb26
fcdc
fd95
fdf1
fefe
0156
043b
0657
07d2
092b
0a43
0a82
0935
06a8
0433
0300
02b6
0227
0063
fded
fbae
f9c1
f7e4
f647
f56f
f5c2
f756
f9ae
fb81
fc89
fd4d
fe2c
ffa8
01dc
0462
06b4
088b
09b6
0a41
0a18
0896
0632
041d
02fd
0297
0207
005e
fda5
fb20
f956
f7b7
f644
f559
f5c6
f7d3
fa87
fc5e
fd06
fd7c
fea7
00b1
02d5
04b4
06ab
08ba
0a55
0ada
0a09
0801
05b9
0430
031b
023c
0128
ff83
fd60
fb16
f8de
f70c
f5f3
f55f
f5ee
f80b
fa99
fc71
fd48
fdb4
feae
00ce
0356
052f
06d8
08a8
0a4a
0aec
09d2
0756
04d7
0374
02e2
022b
0081
fe68
fc99
fac1
f897
f684
f539
f512
f649
f8ac
fae4
fc68
fd5d
fe1a
ff50
014b
03b1
05f0
07d6
0957
0a9b
0b22
09e3
0735
0482
02fa
02a9
0265
00d4
fe27
fbfe
fa6f
f8a5
f691
f4dd
f4c1
f6b8
f9b5
fbf4
fce9
fd5d
fe61
0030
0209
03af
0596
07d7
09f0
0b28
0af8
0934
069f
0450
02c1
01f6
0134
ffd6
fde1
fbc0
f9b2
f7e1
f63e
f4cc
f4cf
f6c4
f99f
fbfc
fd28
fd98
fe85
009c
02d9
0453
05dc
07e6
0a21
0b66
0abc
086b
05da
041b
0324
0243
00b3
fef6
fd7e
fbd9
f9ba
f76f
f59b
f4cb
f589
f7ad
fa21
fc2b
fd68
fe3e
ff60
0103
02e2
04c5
06a6
0884
0a7d
0b79
0a85
0824
0580
03a2
02c1
0216
0089
fe7b
fd0f
fbaf
f9c0
f756
f542
f4b4
f610
f87d
fabd
fc54
fd53
fe80
0003
0161
02d6
04bc
06f8
091b
0ab2
0b0d
09cf
07a1
0528
0329
020c
0135
0009
fe7f
fcc4
fad4
f8de
f6d4
f515
f4da
f657
f8d4
fb48
fceb
fdbf
fea2
001b
018f
0316
04ec
070c
094d
0ac4
0a95
08e8
06b4
0489
02db
01e6
00d9
ffbe
fe7d
fca9
fa5f
f82f
f679
f56d
f596
f703
f941
fbae
fd57
fe37
feef
0006
01ac
03e2
0617
07d3
099c
0ab8
0a5d
08ac
0636
03f0
02a6
0223
0140
ffc6
fdfb
fbd6
f9c4
f7c9
f608
f531
f5d1
f7a7
fa00
fc1c
fd20
fde1
fef1
0031
01eb
0424
0671
086b
09ff
0a9d
09c2
07ea
0585
0384
026d
01bb
00cc
ff6d
fda2
fb70
f959
f75d
f5ae
f532
f626
f83c
faab
fc83
fd66
fe23
ff58
00b8
027c
0481
0696
08be
0a62
0ab4
098d
0789
053c
0390
02b2
01ad
0074
ff17
fd63
fb58
f936
f736
f5bd
f589
f6a9
f8b2
faf4
fc8e
fd8e
fe83
ffbe
013e
0312
04ee
06b0
08b5
0a2f
0a56
0919
06ef
04b5
0339
026f
0173
0016
fe85
fcba
fade
f8dd
f6f0
f5bc
f5c9
f706
f91a
fb4a
fca0
fdac
fecb
fff9
0171
034b
054a
0735
0908
0a44
0a3e
08f6
06b1
0474
0301
0232
0166
002d
fe75
fc89
fad2
f8f0
f6ff
f5c9
f5f0
f795
fa07
fc1b
fd2c
fde9
ff07
0054
01c4
0353
0533
0772
097d
0a6f
09e1
081f
05d2
040d
02e5
01d7
00c6
ffa3
fe45
fc8a
fa70
f827
f658
f5b6
f647
f7fe
fa37
fc0d
fd3d
fe17
ff07
0049
01f0
03a8
057d
0794
0954
0a06
094b
076b
0549
03c6
02e2
01ef
0098
ff19
fdb0
fc25
fa1d
f7ea
f661
f622
f720
f8e9
fa9a
fbc2
fce4
fe29
ff83
00f3
028a
045c
0672
0875
09ab
09ba
08c1
0720
0576
041a
030d
0212
00cd
ff09
fd24
fb5c
f96b
f7a5
f68b
f685
f7ab
f976
fb06
fbf9
fccd
fe02
ffa7
0164
0304
04cb
06c8
088a
0975
093b
07ef
0648
050a
03f0
02db
01b6
004a
fe89
fc8a
fa68
f85f
f702
f682
f6c4
f7eb
f98d
fb25
fc5c
fd2c
fdf4
ff58
016e
03a6
05b5
0762
08a9
096c
092d
07c9
05e2
0455
0349
0294
019c
fff9
fe16
fc1b
fa01
f813
f6cb
f661
f6e0
f841
f9f4
fb92
fceb
fdd0
fe95
ffbb
018f
0402
068e
084a
0916
0985
092c
07e0
05f1
03f4
02a6
0240
01e7
007c
fe38
fbd1
f9c1
f83b
f6f8
f63b
f6ae
f877
fac1
fc93
fd75
fdbc
fea4
0039
0217
0424
063a
0812
0967
09e8
090f
0736
0544
0387
026f
01d5
0113
ffb2
fdb1
fb4d
f913
f79b
f689
f61e
f6e8
f8b0
fadb
fc9d
fd78
fdc7
feaf
0096
02ed
0522
06cf
083a
0986
0a00
0904
06ee
04d0
0362
02e5
023d
00bd
fee3
fcef
faf0
f907
f769
f643
f62d
f78b
f97b
fb55
fcb0
fd75
fe32
ff6a
012e
035a
05b1
077a
08b5
09c6
09e1
08af
0699
0471
0302
0273
01e6
0066
fe47
fc28
fa61
f8e1
f74f
f612
f604
f779
f9be
fbd9
fcf4
fd7e
fead
0047
01ee
03b5
059d
0772
0912
0a32
09fe
085e
0633
0418
02bb
0203
013e
ffe6
fdfc
fbca
f9e8
f898
f727
f604
f61c
f7b8
fa42
fc85
fd99
fde7
fedb
00b9
02ad
045c
05c6
076c
094a
0a68
09d2
07c2
0555
038d
02cf
01fe
009f
ff0a
fd60
fb99
f9c0
f7f2
f667
f5c9
f699
f866
faa0
fc64
fd60
fe16
ff1f
00b6
02c7
04ee
0682
07f5
096f
09fc
090f
06e8
048a
0315
02c3
025c
00cf
fea4
fc9f
faf1
f94c
f775
f601
f5e0
f758
f9a3
fbb0
fc9c
fd0b
fe00
ff7e
0147
033a
053a
072c
08f2
0a17
09e4
0871
064e
0459
0339
02a2
01e6
0093
fea1
fc50
fa60
f8d8
f733
f61c
f649
f7d8
fa2e
fc2b
fcfd
fd27
fe0d
ffdf
01e6
03bb
0563
0738
0908
09ff
0979
07ac
056b
03d3
0327
0261
013a
ffca
fe12
fc24
fa2d
f847
f6ad
f610
f6b0
f83b
fa4e
fc0f
fd1f
fdcf
feaa
0010
0219
0445
05fa
079b
0909
09ba
0939
0774
0529
0384
02e2
0252
0133
ff86
fd8c
fbc4
f9fd
f80e
f68b
f639
f732
f901
fb15
fc64
fd30
fe0b
ff08
0063
0246
047d
06a1
086b
097c
0995
08d8
0730
0533
039d
02ac
0224
0170
ffe0
fd67
fb28
f966
f7e1
f6d9
f68a
f75c
f94d
fb83
fcde
fd66
fde1
fed9
00b3
02e5
04e6
06cf
088b
09a2
09ad
089e
0685
0481
0366
029d
01db
00cc
ff1c
fcee
fabb
f8c5
f727
f655
f658
f772
f976
fb6c
fcbe
fd7d
fe1a
ff2b
0124
0370
054f
0716
089a
0996
09a8
086e
0648
045f
0363
02c1
01f8
0091
fe97
fca8
fad2
f8f7
f755
f672
f69a
f808
fa3b
fbcc
fcdc
fdc6
feb3
fffe
01c0
03b4
059c
077d
08df
0981
094e
07db
05dd
043d
0332
0267
017b
0001
fde7
fc04
fa5d
f8b7
f74d
f67e
f6d0
f85e
fa6f
fbf2
fccd
fd81
fe91
003f
0210
03d1
05a6
0770
08c4
0954
08e2
0726
054b
0406
02fc
0217
0111
ff98
fdb5
fbcc
f9fa
f85a
f747
f6b9
f734
f8cf
fac5
fc57
fd4c
fded
fed6
0093
02aa
047c
0627
07aa
08f1
0984
08c7
06d9
04d7
03a1
02f7
023d
00e4
ff17
fd54
fb9b
f9cb
f80c
f6d2
f684
f78b
f982
fb2d
fc69
fd5e
fe44
ff62
00dc
02a3
049f
069f
081c
090e
0939
083a
066c
0486
031d
024d
01b3
0090
febe
fccd
faf0
f935
f7a2
f682
f678
f7d3
f9f1
fbb3
fcb3
fd51
fe47
ffbe
0153
02fa
04e4
06fd
08c5
09ae
0953
07bc
05e5
045e
0336
024c
0165
004b
fed4
fce6
fab3
f8c4
f758
f6a3
f70f
f87d
fa71
fc48
fd7c
fe0b
feb1
0000
01b3
0399
058a
075f
08e8
099c
08fa
072f
0525
039a
02c3
0210
0108
ffc4
fe46
fc72
fa5d
f85c
f6e0
f66e
f753
f8f8
fac7
fc6c
fd93
fe59
ff19
0029
01c0
03ee
062f
07e8
0909
094e
0895
0704
0504
0340
0234
01a3
00e1
ff9c
fdae
fb96
f9ca
f82f
f6f0
f696
f76d
f922
fb39
fcf3
fdb5
fe5c
ff52
0096
024f
0468
0681
0839
0958
096a
0859
06b7
04d1
032a
0205
014c
00a5
ff91
fda2
fb35
f93a
f7c8
f6f5
f6e2
f7a7
f960
fba2
fd79
fe4b
fea9
ff50
00d4
0309
0507
06a5
081c
0937
095d
084c
063e
03e2
0292
01f3
013d
004e
fef3
fd1b
fb0c
f91e
f76b
f671
f6c0
f7e9
f9bc
fbbe
fd3f
fe1c
feaa
ff67
00d2
0309
0537
06ed
0856
0928
091c
07ef
05d3
03a8
0265
01e6
0160
004f
fe6d
fc61
faab
f902
f775
f6a3
f70e
f88a
fab7
fc86
fd60
fe15
feef
0012
01b3
03b4
05af
0772
08df
095d
08ca
0746
052f
036f
0264
01d1
0137
001b
fe14
fbb6
fa02
f880
f73e
f6b2
f736
f8e3
fb26
fce9
fd97
fdea
fea7
0030
024a
0439
05e8
0786
08de
095b
08a0
06ad
045e
0322
0282
01dc
00f8
ff87
fd90
fb87
f9c1
f814
f6d9
f6b5
f796
f97f
fba7
fd2d
fdec
fe59
ff0c
0090
02ed
050a
0693
07ec
0906
0976
089f
067f
041a
02bb
0267
0225
010e
fefb
fcdc
fb32
f99e
f7ed
f6a6
f688
f7db
fa45
fc2e
fd00
fd88
fe41
ff6e
011b
0310
04f6
06c6
085e
0926
08ef
079f
059c
03be
0289
01f7
0197
00ab
fea0
fc32
fa63
f8e8
f799
f6ad
f6c1
f844
fab4
fca6
fd56
fd72
fe0f
ffad
01cf
03b3
0560
0716
08a3
0964
08e1
0708
04cf
0386
02e2
0255
0186
0028
fe40
fc22
fa24
f868
f746
f6ea
f790
f948
fb54
fce1
fda0
fde3
fe65
ffec
0243
045f
061c
078f
08b2
092d
0868
065d
0415
02ca
0274
0249
0163
ff96
fd87
fb92
f9b4
f800
f6d7
f699
f79d
f9d0
fbd3
fd07
fd9f
fe02
feca
004c
0259
047b
0672
07f0
08c9
08ec
07e4
05f3
03e8
0273
01ce
019f
0105
ff5c
fd2a
fb1f
f970
f81a
f70e
f6ca
f7df
fa11
fc46
fdbd
fe46
fe7d
ff7c
0129
02fd
04cd
067e
07e6
08dc
091b
07f5
05d2
03de
0269
0198
010d
002a
fea5
fcb8
fabc
f918
f816
f757
f735
f82a
fa06
fc2e
fddc
fe9a
fed8
ffcf
01bc
03c2
056a
0693
07a0
0897
08c9
079a
056e
0346
01df
0188
0101
ff9f
fdd7
fc16
fa83
f928
f7fe
f70e
f717
f8a8
fab1
fc94
fde4
fe92
ff38
0069
021e
03f0
05a3
06e0
07f7
08d8
08a9
0735
050a
0305
01d3
0178
00f5
ff7a
fd95
fbd9
fa7b
f942
f7ec
f701
f768
f941
fb92
fd7d
fe69
fed9
ffd4
014b
02cb
0432
0594
0701
0877
096f
08b9
06bc
0495
02d3
01be
0105
001b
fec5
fd3b
fba3
fa36
f8f2
f793
f6f5
f7bb
f992
fbb9
fd75
fe64
fed9
ffdb
018c
032d
0483
05a1
06f2
0861
0915
083d
0626
03e5
0254
019e
00d8
ff97
fe24
fcbd
fb65
fa06
f886
f70b
f6af
f81a
fa1c
fc0f
fd8e
fe83
ff4d
005c
01c1
0350
04e5
0637
0789
08bd
0904
07f8
05e6
03a0
01fd
014a
00ce
ffaa
fe0e
fc82
fb4d
fa17
f87e
f708
f6d4
f85b
fac3
fce4
fdfa
fe9b
ff92
00d5
0211
033d
048d
0624
07eb
093f
08ea
0747
0534
0347
01ce
00c3
ffea
ff00
fddd
fc72
faff
f98f
f807
f6f9
f71b
f898
faeb
fd1f
fe73
ff13
ffe5
012f
028c
03bd
04e9
0671
0830
0945
08cb
06e3
048f
02dd
01cb
00be
ff98
fe8a
fd93
fc73
faf9
f932
f788
f6e6
f7b1
f967
fb74
fd51
febb
ffbe
0093
017a
02aa
040c
0573
06f3
0851
08f4
085f
069c
0453
026a
0141
0070
ff7f
fe61
fd41
fc25
fac9
f91d
f79f
f71a
f7f5
f9e1
fbfa
fd8c
fecc
ffe5
00d7
01bc
02bc
03f6
0577
0721
0864
08ad
07eb
063f
042e
023c
00bd
ffc1
ff10
fe34
fcfc
fba7
fa44
f8e8
f7cd
f75a
f804
f9cb
fc0a
fdf0
ff37
ffff
00d4
01f8
0315
0426
056a
06dc
080f
087d
07bc
05cd
03b1
01f0
008a
ff7f
fea3
fdc0
fcbf
fb99
fa33
f8cf
f7ed
f7b6
f879
fa1f
fc35
fe36
ffb3
0087
0129
0239
0389
04cd
0603
071a
080d
086b
07a4
05b6
036d
018c
0065
ffb3
fea7
fd5d
fc45
fb45
fa1f
f8dc
f7d6
f797
f8ba
fac8
fca3
fe37
ff79
007f
0180
0290
039f
04d1
063e
0765
080c
07ee
06ce
04fb
02f9
0143
0024
ff75
fe89
fd40
fc09
fad1
f99d
f875
f79c
f7b3
f913
fb39
fd3e
febc
ff8f
006a
01aa
02d8
03d2
04f2
0663
07d1
08a3
0838
0679
0483
02c4
0153
0041
ff5e
fe74
fd78
fc5b
fae9
f95d
f81f
f787
f81d
f9b5
fbc2
fdc0
ff46
0021
00c6
01d7
02f8
03fb
0525
0684
07e1
089a
080d
063c
03fd
020e
00d2
0006
ff05
fde6
fced
fbfb
faca
f94f
f7e6
f751
f860
fa51
fc3b
fdf6
ff46
0036
011a
021e
0324
0444
059e
06fc
081e
086d
078d
05c7
03b0
01dc
00ae
0009
ff34
fded
fcae
fb9e
fa90
f93a
f7ea
f784
f89f
fabf
fcee
fe80
ff48
0018
0148
0269
0354
0451
05a9
0745
089a
08a4
070e
0512
032d
019e
007d
ff9c
febd
fdca
fcb9
fb73
fa13
f8a1
f790
f799
f8d7
fae6
fd14
feb6
ff8e
0036
0147
026b
0367
045c
05a0
073c
0874
0854
06b6
047c
0285
015c
007b
ff5e
fe3e
fd5b
fc85
fb63
f9dc
f82d
f72b
f7cd
f97b
fb73
fd4a
feaf
ffb3
009c
0196
02a0
03c7
0501
0663
07d2
0888
07fe
065a
0435
0254
0133
0084
ff8d
fe5b
fd38
fc28
fb05
f98e
f810
f766
f830
fa0f
fc2b
fdbe
feb0
ffa2
00b8
01c4
02c6
03e8
0549
06dc
083d
087f
0773
05b2
03b9
0214
00f2
0017
ff3c
fe42
fd09
fba4
fa5d
f904
f7ec
f7ae
f884
fa42
fc5b
fe19
ff16
ffc7
00b3
01e1
0324
044a
057b
06d5
07f8
083d
0755
0577
0354
01e9
00f3
fffe
fef8
fddb
fca9
fb71
fa32
f8d1
f7cc
f7de
f8cf
fa7e
fc72
fe0e
ff29
fffc
00d6
01fe
0381
04d7
05f4
070f
07e9
0818
0738
0555
0329
01ab
00fc
0065
ff54
fdd2
fc74
fb6b
fa4f
f8fe
f7f5
f7e4
f916
fb5a
fd5e
fe72
ff34
0010
0123
0263
03a4
04ce
061f
0798
0858
0807
06ab
049e
02af
015f
0096
ffeb
fefa
fd97
fc35
fb14
f9c4
f874
f7ab
f7f0
f977
fbc2
fdb7
feb7
ff4f
001f
0168
02da
03fa
0504
065d
07cc
0883
07fe
0639
03ed
0266
0182
00a5
ff91
fe4b
fd0c
fbfb
fae2
f963
f80a
f7ab
f86f
fa31
fc34
fdcd
fedf
ffae
0082
01b0
0329
043e
0558
06b7
07db
0839
0773
0598
035f
01d7
0126
0078
ff4f
fdcf
fc8d
fbaa
faab
f949
f7ff
f79e
f89d
fac6
fcc4
fe0a
fefb
ffe8
00fd
0234
034e
0439
0579
0725
0831
0839
071d
0526
0321
01a9
00c2
0009
ff16
fdb2
fc67
fb7f
fa65
f904
f7e4
f7ba
f8eb
fb1d
fd45
fe98
ff4b
001e
016e
02c4
03a9
0471
05b0
0750
0878
085e
06c3
0475
02b5
0186
007e
ff63
fe33
fd1f
fc49
fb68
f9f4
f854
f78d
f7f7
f96c
fb5f
fd36
fea1
ffae
009f
01ca
0309
03ea
04c2
05ef
0749
0830
07f0
0660
042b
0255
013b
0057
ff16
fda2
fc94
fbf5
fb2f
f9d3
f845
f77b
f82b
fa15
fbf6
fd69
feb3
0005
0157
027b
0358
041a
052e
06ad
07e8
0839
0779
05ee
0414
025d
0108
fffd
fedf
fd95
fc8b
fbbb
face
f998
f865
f7ef
f8c1
fa9b
fc8f
fe02
ff0e
0037
0194
02be
0384
0438
054e
06c5
07f9
0813
06cf
0506
0357
01e7
00a3
ff6d
fe4a
fd54
fc7b
fb6b
fa11
f8be
f7e7
f805
f91d
facf
fcaa
fe52
ff8d
0073
0162
026d
0380
0499
05ca
070e
07fc
0803
06db
04e3
02cd
0152
0067
ff6e
fe5c
fd64
fc79
fb69
fa1e
f8b9
f7b4
f7f5
f979
fb5b
fd39
fecc
fffa
00db
019e
026d
037f
04f2
0665
0784
0817
07e1
06c6
04e3
02b5
00f4
ffff
ff75
febb
fd92
fc39
fb0d
f9f1
f8c5
f7eb
f810
f972
fbac
fde8
ff35
fff8
00d4
01cb
02c5
03ce
0501
065f
07bd
0879
07c6
0626
0424
023d
00c7
ffc2
fef6
fe31
fd49
fc13
fab7
f964
f84a
f7d2
f844
f9b1
fbd1
fdfb
ff7f
0059
010d
01e4
02f4
040e
0527
066f
07ba
0865
07dd
0630
03dc
01e5
00b8
ffc6
fecc
fde1
fd03
fc0d
fadb
f964
f80b
f7c2
f8af
fa63
fc6e
fe46
ffb2
00c2
0195
0248
0328
044c
0591
06f0
07f2
0825
0762
05b2
0376
016e
002f
ff6d
fea4
fdad
fc98
fb8f
fa72
f928
f80a
f7c1
f8a9
fa9e
fce2
fe80
ff9f
009b
0188
0271
0362
046e
05ba
0745
0843
0810
06fc
052f
0328
0177
0043
ff5e
fe92
fdae
fc84
fb4f
fa18
f8ea
f82a
f830
f934
fb18
fd4a
fef8
ffeb
00a0
0198
02d3
03e6
04cf
05e7
0730
0819
0802
06bf
048f
029c
0162
0062
ff54
fe3b
fd2a
fc2d
fb29
f9e0
f880
f7fe
f87d
f9d0
fba4
fd6c
fed6
ffe3
00c6
01b4
02db
0405
0519
063a
0728
0792
0730
05db
03d5
01ea
00b8
fffb
ff19
fdd2
fc7d
fb77
fa8a
f96b
f853
f7f0
f8ad
fa7b
fc88
fde4
fed2
ffcd
00f1
0225
0344
0450
057f
06f1
07ec
07e1
06e7
0542
0375
01f2
00db
0007
ff33
fe1a
fcce
fb95
fa4b
f911
f841
f833
f92a
fb06
fd1a
fe93
ff63
0013
011a
0265
038f
0494
05c4
0723
081d
080c
06b8
0491
02be
0186
009c
ffb8
feb6
fda1
fc88
fb56
f9dc
f877
f7da
f832
f985
fb6b
fd45
feb0
ff9d
003f
0101
0237
0399
04f0
063c
0751
07e8
07a4
0657
044c
024c
00f2
0049
ffb4
feac
fd63
fc1e
fadc
f99a
f884
f7ef
f844
f9e7
fc0e
fdd4
ff17
ffe8
0095
017b
02b1
0403
0564
06c3
07a9
07f6
0770
0603
0411
0229
00bc
ffe8
ff5b
fe74
fd1b
fbb0
fa6e
f96f
f8a1
f82e
f88f
fa10
fc43
fe56
ffa6
002d
00de
0215
0362
0484
0585
0680
076b
0806
0781
0599
037e
01bf
0084
ffa7
fec3
fdac
fc94
fb96
fa75
f95a
f87b
f823
f8c7
fa5a
fc66
fe53
ffb8
0087
0152
0280
039c
048b
056b
0664
076b
07f5
0753
0582
034b
016d
0058
ff86
fe59
fd21
fc3d
fb89
faa6
f984
f864
f7e6
f8ef
fad4
fcc7
fe75
ffbd
00d2
01f2
0309
03d5
048f
0582
06a3
07b0
07ee
06fd
0531
0321
0154
0012
ff1d
fdd9
fcb5
fc05
fb59
fa6d
f93e
f832
f800
f922
fb2b
fd40
fece
ffd9
00f2
0239
0349
0406
04b7
05ae
06ed
080e
0802
0693
049c
02ae
0126
0000
fedc
fd9f
fca4
fc07
fb3e
fa28
f8f7
f823
f85c
f9b8
fbbe
fdc9
ff61
0069
015d
029d
03ab
046e
0522
0610
0733
0804
07c5
063a
03f6
01ec
00bc
ffd0
fe86
fd30
fc3d
fba0
fae4
f9c6
f86e
f7aa
f878
fa39
fc29
fddf
ff39
0064
0198
02bb
0387
042d
051c
0645
074d
07aa
070f
0590
0396
01b2
005a
ff63
fe39
fcfd
fc08
fb56
fa9f
f99e
f885
f80b
f8d4
fab4
fcdd
fe68
ff68
008b
01eb
0315
03d0
0465
054f
06ac
07ed
07ed
06b7
04fa
0338
01b4
0068
ff2e
fe04
fd1c
fc73
fbb2
fa9c
f95b
f87a
f871
f964
fb1e
fd1b
fec5
ffee
00fc
0228
0333
03f6
0496
0579
06b6
07c2
07d1
06a2
04a7
02bb
0153
0010
feb3
fd79
fca0
fc0b
fb58
fa33
f8c3
f7ea
f83a
f979
fb41
fd13
feae
0015
0157
025e
032b
03e1
04a3
05a9
06ba
0756
072c
0620
045d
0264
00c3
ff80
fe61
fd52
fc63
fbaa
faf4
fa08
f901
f85c
f88f
f9da
fbf7
fdd8
ff40
0079
0198
029d
0381
043c
04f6
060b
073b
07a5
0726
05c9
03e7
020a
0078
ff2e
fe20
fd45
fc70
fb92
faa7
f9b7
f8f5
f897
f8ea
fa2d
fc37
fe55
ffee
00e3
01a4
02ae
03c4
0492
0540
0613
06f6
0780
0732
0585
0338
0171
0028
ff18
fe0d
fcff
fc13
fb6e
fac9
f9c3
f8da
f895
f93b
facb
fcbd
fe89
fff9
011a
0208
0300
03fa
04c2
0584
0648
06f1
073a
06b0
051e
0305
0135
fff1
ff07
fdf8
fcbe
fbc9
fb2a
fa8c
f9be
f8fa
f8ab
f969
fb62
fd5d
fee5
0027
0150
027a
038c
0456
04e6
05a9
069c
073f
073e
064c
04a3
02ca
0120
ffbe
fe9b
fd8e
fc7c
fbb4
fb06
fa44
f988
f8f8
f8ec
f9cf
fb9f
fd9f
ff32
005b
0176
02b2
03cb
0480
0507
05b2
068d
0742
074a
060f
0428
025d
00db
ff91
fe51
fd1b
fc28
fb98
fafc
fa07
f928
f8a8
f8ef
fa2f
fbfd
fdd1
ff62
00aa
01bc
02d6
03d1
0483
0531
05fa
06cc
0759
0725
05db
03cc
01c8
0067
ff73
fe53
fd18
fc31
fba4
fb0e
fa28
f915
f853
f8c8
fa96
fc9a
fe4d
ffb1
00ea
0217
031d
03c3
0431
04fc
0627
0728
078b
06ed
0564
0369
017d
fff0
fed0
fdd1
fcd9
fc22
fb83
facd
f9eb
f8f1
f860
f8e4
faa2
fcdc
febe
fffa
0109
0242
0348
03da
0441
04f8
0619
0744
07b8
06ae
04dd
02fb
014d
ffde
fe96
fd74
fc9d
fc1f
fb95
faaf
f9a3
f8c5
f89e
f979
fb27
fd2d
ff0d
0077
018f
02a3
0377
040e
04a7
0569
0666
074f
077e
0677
048c
0276
00d2
ffa3
fe74
fd4f
fc88
fc16
fb91
faae
f985
f88d
f8b0
f9fe
fbd4
fdb8
ff5e
00c4
01ff
0300
039c
0408
04ad
059c
06b4
076b
0736
0606
042b
0217
0045
fef9
fde9
fcfe
fc5f
fbd7
fb35
fa5a
f951
f892
f8c3
fa19
fc26
fe31
ffac
00de
0208
02f9
0399
0413
04ae
0590
06b3
075a
06c2
0552
036e
0188
fffd
fec9
fdc3
fcee
fc59
fbb9
faf4
fa17
f93b
f8db
f95a
fac1
fcbf
fec6
0049
014c
022b
02f8
03c4
047e
052c
0600
06e4
0750
06b9
051c
02df
0100
ffd2
fece
fdcb
fce8
fc2b
fb80
fad3
f9f7
f8f2
f8bd
f99a
fb44
fd44
ff0a
005e
0171
026a
032f
03d6
0484
0539
0615
06d1
06ed
0623
0485
027d
00b0
ff72
fe63
fd65
fc8e
fbda
fb50
fab4
f9dd
f913
f8f6
f9d5
fb98
fdaa
ff36
006c
019e
02ac
0376
040e
049b
0546
0648
0715
06ed
05d6
0418
023f
00b3
ff70
fe44
fd3f
fc88
fbfb
fb76
fab2
f9c0
f923
f946
fa51
fc11
fe02
ff87
00c0
01fe
02f1
0397
040f
0485
053e
0639
06ee
06bd
057e
037e
01aa
004a
ff10
fde3
fcea
fc41
fbd3
fb5f
fa86
f96b
f8ec
f95c
fab4
fc8e
fe4d
ffbb
0102
0233
030b
039e
041c
04ab
058e
0681
06f8
068b
052e
0336
0153
fffd
fee6
fddc
fcfd
fc5a
fbe9
fb60
fa84
f984
f8fe
f97f
fb38
fd51
feeb
002d
0160
0272
0336
03aa
0405
04a2
05c7
06c9
06f2
0622
048c
02b2
0104
ff9f
fe66
fd6f
fcd3
fc5e
fbce
fafd
fa0c
f956
f938
f9f1
fb7f
fd75
ff2f
007a
0183
025e
0316
03a3
0428
04e3
05db
06ab
06c6
05cd
03e8
0210
00a2
ff6d
fe56
fd70
fcce
fc5e
fbdb
faea
f9c3
f92c
f970
fa85
fc23
fde2
ff78
00cd
01e1
02a5
0328
03a8
0468
055f
064e
06e0
06b9
05a4
03d2
01de
004a
ff33
fe59
fd8a
fcdf
fc59
fbbc
fad1
f9c0
f90e
f943
fab1
fca3
fe66
ffd3
00fe
01f6
02b0
0326
0385
0431
054e
0663
06e6
0676
051f
0348
0167
ffcd
fe9e
fdd7
fd45
fcc7
fc32
fb65
fa70
f985
f8fc
f945
fa96
fca5
fec8
004d
013e
0200
02b0
0345
03d5
0484
0564
0666
0726
06b6
050a
02f8
010d
ff99
fe95
fdc9
fd14
fc88
fc06
fb35
fa3b
f967
f912
f99e
fb0b
fcfa
fee4
0069
0165
020c
02a6
0369
044a
0513
05c7
0671
06cc
0656
04d8
02a4
0095
ff7c
fede
fe25
fd48
fc6e
fbad
fb01
fa4b
f964
f8f0
f9e3
fbc1
fdce
ff78
008e
0159
0226
02f1
0396
044e
052e
0618
06ce
06c9
05d0
041d
0227
0068
ff38
fe7d
fdcf
fd10
fc36
fb62
faa8
f9e7
f940
f930
fa26
fc02
fe36
ffc6
009d
016a
025c
034d
041a
04c2
0560
0639
072a
0701
05a4
03bd
01e6
0084
ff7c
fe7b
fd73
fca6
fc03
fb4d
fa88
f9aa
f92a
f982
fab6
fc74
fe4c
ffca
00ca
01b9
02ae
0393
0467
0504
058b
0633
06c4
0699
0557
034b
0156
0024
ff43
fe3e
fd21
fc2a
fb7f
fb16
fa95
f9a5
f902
f98b
fb08
fcf6
fea9
ffe0
00e7
020c
0316
03d5
0480
050d
05c0
0694
06ed
065d
04e8
02f4
0117
ffd5
fefc
fe06
fd06
fc19
fb6b
faed
fa4b
f979
f8fb
f97a
fb2c
fd88
ff40
003d
012e
0241
0345
03ff
046b
04ca
05af
06f2
0738
0637
0462
0269
00d7
ffa3
fe71
fd42
fc73
fbfc
fb9e
fb05
fa0f
f937
f911
f9df
fb81
fd83
ff42
0087
01a8
02a4
037d
041c
047a
04ed
05be
06a5
06e6
0603
03ff
01e9
0087
ff67
fe2a
fcf7
fc19
fbae
fb83
fb05
f9d4
f8f6
f931
fa6c
fc3a
fdfb
ff6b
00b4
0206
031f
03d3
043d
0499
0549
062d
06c3
069d
058f
03c8
01da
0054
ff14
fdf1
fcea
fc13
fba1
fb5d
fad0
f9e8
f933
f94f
fa9b
fcbb
fe71
ffb1
00ef
0235
034b
03fc
0445
047e
0549
0661
06cf
064a
04e3
031c
017a
0011
febb
fd8d
fcb5
fc18
fbb3
fb31
fa60
f99e
f951
f9c4
fb17
fd08
fee5
004f
016c
025d
033e
03e6
044d
04c3
058e
0679
06f6
0671
049e
0299
0105
ffab
fe74
fd6c
fca1
fc20
fbe0
fb50
fa2d
f960
f949
fa0d
fb9d
fd73
ff20
0091
01c6
028f
0324
03bb
044f
050d
05dd
067e
069d
05ec
0455
0251
008c
ff4b
fe80
fdc3
fceb
fc3b
fbb0
fb07
fa26
f958
f919
fa24
fc3c
fe2a
ffa9
00cc
01aa
0269
0321
03b7
043d
0533
0652
06fc
06d1
058e
03a1
01b9
002e
fef8
fe27
fd9b
fceb
fc3b
fb79
fa88
f99d
f90b
f935
fa68
fc73
fe88
0012
010e
01c8
028e
0344
03d3
046e
054e
0654
0717
06f0
0547
0336
0173
0007
feed
fe0d
fd4a
fca9
fc43
fbb1
fa9f
f99f
f922
f99f
fb19
fd00
fecb
004e
0183
0255
0300
0386
03fc
04ae
0591
066c
06dc
066f
04ee
02e7
0115
ffa0
fe8b
fdb1
fcf4
fc69
fbff
fb71
fa92
f995
f8fc
f9a3
fb59
fd46
ff03
006c
018a
0274
032c
0395
03e8
04a3
0595
066c
06b0
05ef
0464
029d
00f0
ff6a
fe41
fd75
fcc5
fc43
fbc9
fb26
fa63
f9af
f972
fa1e
fbc4
fdca
ff83
00bd
01b5
029c
0354
03ca
042a
04ba
0596
0693
06db
05b8
03e7
021b
008b
ff3c
fe1b
fd28
fc87
fc46
fbf1
fb22
fa25
f973
f98e
fa96
fc31
fdf0
ff95
00fb
020d
02d9
0360
03cf
045b
050d
05d4
066e
065d
0547
0378
019a
001b
fef6
fdf5
fd12
fc65
fbe9
fb6d
fab5
f9bc
f90a
f989
faf9
fcb9
fe5f
ffc2
00f5
020e
02f0
036a
03cb
0491
058d
0663
06a3
0607
04b4
0312
0171
fffc
fecd
fded
fd3b
fc92
fbe0
fb23
fa58
f9ab
f978
fa18
fb86
fd69
ff1a
0042
0135
0221
02ee
0397
0439
04f5
05d0
06a7
06b7
05b5
0415
0259
00da
ffaf
feb9
fde1
fd2b
fc84
fbbe
fade
f9fa
f96c
f999
fa8f
fc17
fddb
ff78
0093
014d
01f2
02aa
038d
0480
0562
0621
0697
0678
0581
03ba
01af
0028
ff34
fe8e
fdf3
fd2d
fc43
fb67
faa9
f9cb
f92c
f978
faa2
fc75
fe65
ffe2
00d5
018b
0234
02d6
03aa
0498
0574
0636
0691
063c
0525
0377
018c
ffe1
fec0
fe32
fdc3
fd02
fc0a
fb2c
fa75
f9db
f97b
f9a1
faa0
fcb2
fee5
005e
013e
01dd
0286
035b
0437
04db
0576
064b
06c8
0664
0500
02fb
0110
ffa6
fea8
fde0
fd40
fc97
fbe3
fb3e
fa6e
f9ab
f960
f9cd
fb07
fced
fef9
0087
0177
020e
02aa
0375
0438
04dd
0583
0633
06a0
0651
04d1
0288
009f
ff57
fe7b
fdc7
fcff
fc28
fb88
fb1b
fa5a
f97a
f940
f9fa
fba4
fdab
ff67
00a7
019e
0267
0312
03c8
045e
0505
05d0
066e
0684
05cc
0438
0226
0055
ff10
fe39
fd93
fcc2
fbee
fb55
fad8
fa33
f986
f94f
fa11
fc0a
fe2d
ffc1
00d6
01b0
028b
0372
042f
0498
0513
05f0
06a2
0699
057a
0395
01ad
0030
ff04
fe06
fd3c
fc6a
fbc0
fb52
fac0
fa0a
f988
f9a5
faac
fc91
feaa
003d
013b
0201
02e1
03cf
047e
04e8
0555
05fd
06ac
06c7
056c
032c
0144
fff4
fefe
fe11
fd0a
fc14
fb91
fb60
fabb
f9be
f935
f9a6
fb23
fd12
fecb
001b
0132
022a
030d
03ca
0444
04c5
0574
0625
0681
061b
04b8
02b2
00d2
ff74
fe8a
fdc6
fcdb
fc04
fb7b
fb14
fa7a
f9ac
f91f
f9a8
fb92
fdb2
ff4d
0069
0152
0244
0339
03ee
0443
04bf
05b8
0697
06c3
05d6
0414
0232
00a5
ff6e
fe70
fd9f
fcd8
fc3d
fbb6
fb04
fa32
f985
f96b
fa48
fc16
fe26
ffd3
00ee
01b1
0283
0363
040e
0484
0508
05c2
068b
06cf
0598
0390
01b2
004b
ff40
fe51
fd5b
fc7b
fbf2
fb8f
fad5
f9ed
f94c
f984
fabe
fc86
fe4a
ffc7
00f5
01dc
02b4
036d
03f6
048a
0535
05df
064f
0627
0510
033f
0156
ffd0
fecb
fdfa
fd1d
fc53
fbbc
fb42
fab6
fa04
f95b
f9a3
fb19
fcfa
fec0
0027
012f
0213
02fa
03ad
0415
049e
0559
0618
067d
0601
04a8
02e8
012f
ffad
fe8c
fdba
fcfb
fc5e
fbc7
fb26
fa86
f9f3
f9a8
fa0b
fb50
fd2e
ff28
0096
0172
0236
0308
03cd
0468
04e0
0554
0605
068e
05e8
044f
0267
00af
ff72
fe89
fd9f
fcaf
fc10
fba7
fb23
fa78
f9c5
f9a5
fa72
fbef
fdaa
ff54
00b1
01a7
0281
0342
03e4
047c
0507
0595
061c
0642
058e
040a
021f
006b
ff4d
fe6d
fd7f
fca0
fbfc
fb90
fb2f
fa98
f9c3
f9bd
fade
fc8c
fe47
ffc1
00ef
0201
030f
03d6
043b
0495
050f
05c2
064e
061e
051c
0398
01eb
0051
ff0b
fdf4
fcf7
fc4c
fbd0
fb65
faf8
fa6f
f9f4
fa0f
fb1d
fcc2
fe86
fff9
0110
0213
030f
03d5
044a
048f
04e9
059c
0635
05dd
04a4
02f9
014f
fff0
fece
fdb6
fcba
fc19
fbab
fb3f
fab4
fa06
f9bc
fa3e
fb74
fd05
fead
0029
0142
022b
02f7
03a6
0444
04cc
054c
05d3
062a
05d3
0493
02ac
00de
ff9b
feb1
fdd5
fcfb
fc43
fbc6
fb74
faf0
fa06
f9a1
fa53
fbd3
fd96
ff29
006a
017d
027f
0343
03ad
0402
0489
0553
060b
062d
0582
042c
0279
00b4
ff33
fe14
fd48
fcb5
fc32
fbbe
fb4c
fab7
fa06
f9ac
fa38
fbc8
fdc6
ff83
00cd
01d4
02bb
0372
03e3
041c
0471
0546
0635
0653
056a
03d2
0210
0079
ff18
fde1
fcf7
fc85
fc54
fbfa
fb4d
fa72
f9d6
f9e5
fac3
fc43
fe15
ffe7
0168
026e
0315
038f
03f3
045d
04ec
05a5
0645
0656
0573
03ab
01ba
0009
feb3
fdb1
fcfd
fc8e
fc4a
fbfc
fb55
fa59
f9b2
f9e8
fb05
fcaf
fe77
001e
018a
0297
0332
037b
03ae
0423
04ed
05ba
0628
05f4
0502
0364
0170
ff8e
fe20
fd43
fcc4
fc67
fc0a
fb98
fb01
fa54
f9cd
f9d9
fafa
fcd0
feca
007e
01b6
0287
0325
03a0
03e0
041f
04c4
0588
05f7
05a4
046e
02b2
00e3
ff42
fdea
fd07
fc8b
fc42
fbfc
fb85
fae5
fa55
fa17
fa69
fb75
fd2d
ff41
011c
0238
02cc
0345
03c0
0432
04a0
0516
059d
061a
05dd
0471
026b
0071
feed
fdf0
fd3c
fc97
fc19
fbdd
fb8b
faea
fa38
f9f4
fa95
fc07
fdd9
ffa7
0138
0251
02f6
0366
03b0
040b
0498
0530
05ac
05d3
0554
03f4
01f8
ffea
fe67
fd97
fd10
fc91
fc1d
fbbc
fb59
fad8
fa31
f9ca
fa91
fc50
fe5e
0033
017c
024f
02fe
039f
03f3
0422
04a4
055b
05fd
05fe
050f
036c
018b
ffc5
fe5f
fd8c
fd00
fc98
fc44
fbd0
fb3c
fa9f
fa22
fa21
fb08
fcc4
fedc
00ba
01d8
026e
02f8
0383
03f0
0448
04b7
0557
060c
05f7
04ae
02bd
00c4
ff39
fe36
fd7e
fcd1
fc4c
fc0b
fbb6
fb1d
fa53
f9dc
fa52
fbad
fd7a
ff4e
00e7
01f8
029d
032e
0396
03fc
047c
0515
05b5
061b
05c9
047a
0285
0078
ff00
fe32
fd99
fcfd
fc6f
fc09
fbb6
fb3c
fa56
f99b
fa39
fbee
fdff
ffd3
0113
01e3
02a1
0358
03ab
03cb
043e
0514
0600
0640
056f
03d1
01ef
0026
fec2
fddc
fd32
fcbf
fc6a
fbff
fb77
fac6
fa0c
f9c0
fa75
fc18
fe3e
0030
0157
0201
029e
0333
039c
03e4
043e
04fb
0616
0657
053c
0359
0157
ffbc
fea9
fddc
fd18
fc97
fc70
fc2a
fb87
fa87
f9ba
f9d8
faff
fcc7
feb8
0071
0195
024a
02d6
033b
03a2
0420
04c8
05a0
0657
0645
0519
031b
00eb
ff61
fe87
fded
fd60
fce6
fc7f
fc16
fb7e
fa5e
f96d
f9c1
fb3f
fd4e
ff48
00b1
018c
0230
02bb
0309
0357
03de
04c5
05d6
065d
05e3
0477
0283
0081
ff01
fe23
fd8f
fd2f
fcd0
fc55
fbc2
fb08
fa30
f9a7
fa05
fb65
fd95
ffab
0104
01cc
0258
02d2
0343
03a7
0406
04b7
05cf
0646
05a9
041f
021b
0047
feff
fe20
fd69
fcf7
fcaf
fc55
fbcf
fafa
fa30
fa00
faa6
fc05
fdde
ffc6
012c
01fe
027b
02e2
0366
03f0
047b
051a
05b9
05f3
056e
03e3
01c2
0004
fef4
fe4e
fdc5
fd2e
fc94
fc27
fbd1
fb0b
fa3f
fa33
fb17
fcc6
feab
0030
0132
01f0
0286
02fe
0378
03e3
0480
0550
05d6
05af
04c2
032d
0142
ffa9
feaa
fe0b
fd99
fd0d
fc72
fbe8
fb5c
fab3
fa2a
fa36
fb34
fd24
ff17
0073
0150
01f2
0291
0342
03d7
0427
04b2
05a2
061a
05be
0480
02b3
00fa
ffbb
fece
fdf9
fd4e
fcb9
fc50
fbed
fb3f
fa84
fa38
faa5
fbce
fd88
ff49
0093
0182
022b
02cb
0372
03f2
0456
04dc
0583
05d6
0574
040b
021e
007e
ff65
fe9d
fde2
fd18
fc61
fc03
fbd2
fb27
fa5d
fa1e
fac3
fc3e
fe07
ff8c
00a8
018e
024a
02f3
037b
03c8
0441
0504
05ab
05c3
051a
03b1
01d4
0027
ff00
fe43
fdb5
fd12
fc70
fbf7
fb8f
faff
fa5a
fa0c
fabb
fc7c
fe74
fffd
00ff
01b5
0268
0330
03c6
03ed
043f
051d
05dd
05e2
04e4
032d
0160
fff1
fed4
fde2
fd20
fc93
fc4b
fc03
fb6b
faab
fa2d
fa4f
fb34
fcc8
fe99
0034
016d
0239
02d6
0366
03d1
0418
047a
0518
05b1
05b9
04ad
02e2
0110
ff9d
fe8f
fdb4
fce8
fc49
fc13
fc09
fb7b
faa0
fa18
fa6c
fba5
fd52
fef0
0054
0192
0293
033d
0396
03c9
0432
04e2
058d
05ce
0566
044f
02bc
00fd
ff73
fe56
fd8f
fcf2
fc74
fc13
fbb8
fb47
faba
fa4b
faab
fbf7
fdb5
ff67
00bd
01ba
0286
0339
03ab
03d1
041a
04c5
057f
05af
04fe
039f
0200
0077
ff20
fe0d
fd40
fcc6
fc85
fc29
fb97
faf2
fa79
fa6c
fafc
fc31
fdde
ffab
0115
01f8
0288
0300
0378
03eb
0458
04d0
056a
05ab
0504
038d
01b2
0006
fedf
fe1c
fd6c
fccd
fc76
fc3a
fbc6
fb14
fa78
fa7f
fb5f
fcd6
fe7c
0008
014c
022c
02b7
030d
036a
03f1
0492
0524
0577
055a
04ad
0364
0180
ffb8
fe9b
fe02
fd92
fd10
fc79
fbef
fb91
fb28
fa96
fa8d
fb6e
fd13
fef8
007a
0165
0201
02a3
0333
0396
03ec
046f
0528
0599
0549
0432
02a3
00ee
ff6c
fe61
fdb6
fd48
fcf1
fc75
fbd7
fb38
fab4
fa72
fab1
fb98
fd3a
ff33
00bd
01a5
022c
029d
0321
03ac
041b
0481
0532
05ba
0573
0447
0277
00a1
ff49
fe73
fdc0
fd1e
fcba
fc71
fc0f
fb68
faad
fa69
faed
fc24
fdca
ff92
010b
020a
02b0
030f
0363
03d2
0456
04e8
056d
059e
0531
0408
0223
0036
fede
fe11
fd84
fd00
fc7e
fc11
fbc2
fb46
fa94
fa55
fae5
fc4b
fe26
ffd9
010e
01e7
029a
031e
0381
03d4
0446
04fb
058c
0586
04cb
037c
01c4
0007
fec7
fdf9
fd75
fd0f
fc99
fc19
fb99
fb1a
fab1
faa5
fb35
fcaf
fea5
0051
0164
0202
027d
030c
03a1
03fd
043f
04e4
0580
057b
049e
0303
0137
ffcb
fed7
fe12
fd66
fce5
fc89
fc39
fbad
fafa
fa93
fad2
fbbd
fd32
fee8
0064
0170
021e
028c
02fe
037e
03f9
0474
04f1
053c
0510
0423
0263
0087
ff2d
fe5c
fdd2
fd45
fca5
fc22
fbde
fb72
fac8
fa77
fae2
fc22
fddb
ff76
009c
0177
0231
02c1
0339
0395
0409
04b9
054d
0562
04d1
03a6
0204
005b
ff22
fe59
fde6
fd78
fce6
fc4b
fbb8
fb28
fab4
fa9c
fb1f
fc8e
fe71
0009
0112
01ac
0222
02b4
035d
03d8
0442
04f8
0589
0583
04aa
0318
0153
ffe2
fee5
fe36
fdc0
fd42
fcb6
fc2c
fb78
fac4
fa68
fa9c
fb6f
fcea
feb9
0039
0134
01b4
0207
028d
0342
03f6
0496
0526
057b
0567
0480
02cd
00fa
ff94
febf
fe4c
fdd9
fd2d
fc79
fbfb
fb65
faca
fa77
fab2
fbc2
fd6c
ff1c
0067
014f
01de
024c
02eb
0382
041c
04c8
054e
0575
051c
0423
028b
00cc
ff6a
fe8c
fe19
fda3
fcff
fc4e
fbb2
fb2f
fad5
fa9d
faca
fbf1
fdbd
ff7f
00c9
0185
01f9
0293
035e
03ef
044f
04c9
053c
0576
0509
03c1
0202
0066
ff34
fe66
fdd5
fd1e
fc83
fc1f
fbaa
fb23
fab7
fa97
fb02
fc3b
fdfd
ffab
00f1
01b1
023f
02e2
0381
03f5
0454
04bf
0531
0586
050a
0398
01c8
0029
ff0b
fe5a
fdb9
fcee
fc52
fc1e
fbce
fb48
faba
fa8d
fb3d
fcb2
fe63
ffd7
00f5
01bd
027d
0339
039d
03e0
0447
04d1
054c
056c
04c9
0356
0196
fffe
fed8
fe18
fd68
fcc1
fc4c
fc01
fba4
fb23
fa8f
fa67
fb48
fceb
feb6
002c
0128
01dd
029f
0363
03c9
03ff
0466
0502
058f
057c
0480
02e4
0132
ffc1
febc
fe01
fd36
fca8
fc5e
fc07
fb87
faf6
fa8e
faa7
fba0
fd51
ff28
00a4
0192
0234
02d6
0374
03ed
0444
049d
0521
05ad
0581
0453
0281
00ae
ff5f
fe95
fde7
fd09
fc55
fc17
fbe4
fb6b
fab5
fa42
faa5
fbf2
fdb4
ff5a
009c
0177
023c
02ee
035d
03af
0418
04a7
0537
0579
0512
03e0
021f
0063
ff24
fe59
fdb1
fd02
fc64
fbfd
fbc2
fb6b
fac8
fa65
fae8
fc57
fe2c
ffc2
00d0
0193
026a
0342
03bd
03df
041f
04bc
0567
0585
04c9
0363
01c5
0048
ff1e
fe2f
fd65
fcd9
fc80
fc31
fbc8
fb41
facc
faba
fb58
fcc2
fe93
0021
0138
01fe
02a7
0345
03c3
040a
0439
04b7
0556
0564
0492
0307
0148
ffd9
fed4
fdfb
fd30
fc9c
fc58
fc2c
fbbb
fb08
fa87
faa7
fb8c
fd0a
febf
0033
014b
021c
02a6
030e
036a
03c5
0438
04c5
052b
0516
044a
02a7
00cc
ff52
fe53
fdae
fd31
fcb8
fc4c
fc02
fba5
fb09
fa99
fac0
fbc8
fd85
ff50
00a8
018b
0237
02c1
0343
039c
03e4
0468
0509
0558
0500
03f1
0250
0090
ff31
fe42
fda8
fd36
fcc7
fc56
fbe1
fb68
fafd
facd
fb00
fc0b
fdd2
ffa0
00f8
01c2
023d
02c1
036c
03fe
044d
049b
04fe
0544
04f0
03ae
01df
0036
ff14
fe51
fdae
fcf9
fc5b
fc13
fbcb
fb4e
fada
fac3
fb47
fc7b
fe2d
ffce
010a
01e3
026f
02ef
037c
03ff
0468
04c0
0507
0528
04b9
035d
0191
fff9
fee6
fe44
fdb8
fd03
fc4b
fbe9
fbb0
fb4d
fae1
fac6
fb71
fce8
fea5
0014
010f
01cb
027f
0338
03b8
0408
0474
04fd
0565
0557
049e
033f
019a
001b
fef0
fe1a
fd79
fced
fc6d
fbf3
fb7c
fb07
fa9b
fa6c
fb23
fcc7
feb8
0051
0158
0207
02b5
0371
03f9
0441
049e
0532
05b1
058f
0487
02d8
0107
ff7c
fe5a
fd90
fce8
fc6a
fc18
fbb9
fb2e
fa98
fa45
fa8c
fbac
fd84
ff7d
00f5
01d7
025e
02ce
034d
03d9
0465
04e7
055d
05aa
0551
040f
0224
003f
fefd
fe6a
fe15
fd90
fce2
fc52
fbf5
fb75
fac9
fa6c
faea
fc4f
fe26
ffc6
00cf
016e
020d
02ab
0327
0399
0425
04d4
0579
05b8
053e
0402
023a
0068
ff24
fe6c
fdee
fd68
fcca
fc2c
fba4
fb1a
fa69
f9f9
fa6c
fbe1
fde2
ffa3
00bd
0172
0233
0306
03a2
03f3
043b
04eb
05c1
05f6
0528
0393
01c4
0034
ff15
fe26
fd4b
fccb
fc79
fc0e
fb73
fab8
fa2d
fa4a
fb42
fcc0
fe7b
0016
013c
0204
029c
031a
0399
0424
04a4
051f
05ab
059c
04a7
0305
0116
ff7f
fe9c
fe27
fda2
fd21
fca3
fbd9
fb63
faf9
fa73
fb0a
fd24
ff4c
ffe0
ffa1
0007
001d
ffac
ff97
ffc2
fffd
002b
0029
ffee
ffce
fff7
0010
0020
0026
000c
0001
0010
0020
002a
0043
004e
001f
0000
0005
0009
0008
0005
0000
fff4
ffe4
ffd6
ffd3
ffd0
ffb8
ffad
ffc4
ffea
0002
0009
0007
0000
ffee
ffe1
fff4
0015
0033
0042
003c
0028
0018
0012
0003
ffe0
ffc5
ffcd
fff1
0010
0013
fff7
ffd3
ffc8
ffe8
0011
000c
fffd
0012
0035
0039
0014
ffe8
ffd9
ffe8
fff4
ffde
ffc2
ffbe
ffd5
ffee
ffeb
ffcd
ffb8
ffca
fffd
002f
0030
000e
0007
0029
0050
005c
004b
002c
0015
0016
0010
ffeb
ffd0
ffd3
ffe2
ffe4
ffd6
ffc9
ffc8
ffd6
ffeb
fff9
fffb
0000
0015
002e
0039
0030
0021
0018
001b
0028
0029
001c
000f
0005
fffc
ffeb
ffd3
ffc3
ffc3
ffcc
ffe3
0001
000c
0004
fffd
fffb
fff8
fff2
ffea
ffe5
0005
002f
0029
0005
fff4
fffb
0000
fff6
fff2
0002
001a
0022
0018
0002
ffe7
ffd8
ffe2
fffe
0018
002a
001b
0000
000a
000c
ffd7
ffa3
ffb9
0006
002d
0024
0019
0006
fff1
ffe6
ffdf
ffe5
0000
0024
0036
002b
000f
fff1
ffe9
fff6
0007
0015
001b
0018
0010
0003
fff5
ffe7
ffe4
ffed
ffff
000f
0013
0004
ffed
ffdc
ffdc
ffeb
ffff
0004
0001
0000
0000
fffe
fffd
fffa
fff7
0003
001b
001c
000f
000b
000c
0005
fffa
fff8
0001
000d
0013
000d
0002
fffb
fffb
0001
000a
000f
000c
0003
fffd
0000
0003
0000
fff6
fff0
ffee
ffee
fff0
fff6
fffa
fffb
fff9
fff8
fffc
0007
0014
001b
001b
0014
000b
0009
000c
000f
0010
000c
0003
fffb
fff4
fff0
ffed
ffed
ffee
fff1
fff4
fff7
fff8
fffa
fffd
0002
0007
000c
000c
000a
0008
0005
0003
0002
0000
0000
0000
0003
0003
0006
000a
000e
000f
000e
000e
000f
0011
0012
0012
000d
0008
0002
ffff
fffe
fffd
fffb
fff9
fff5
fff4
fff4
fff4
fff6
fffa
ffff
0000
0001
0001
0001
0000
0000
0000
fffd
fffc
fff9
fff7
fff6
fff6
fff7
fffa
fffe
0000
0001
0002
0003
0006
0008
0009
0009
0006
0004
0003
0003
0003
0001
0000
fffd
fff9
fff7
fff8
fffa
fffc
fffd
fffd
fffd
fffd
0000
0004
0007
0009
0007
0004
0003
0003
0003
0003
0002
0000
fffd
fffd
fffd
ffff
0000
0000
fffe
fffd
fffd
fffd
fffe
ffff
fffe
fffc
fffc
fffb
fffc
fffd
ffff
ffff
fffe
fffe
ffff
0000
0000
0001
0001
0001
0001
0001
0001
0001
0000
0000
0000
0000
0000
ffff
ffff
ffff
ffff
ffff
ffff
0000
0000
0000
0000
0000
0000
0000
0000
0000
0000
0000
0000
0000
0000
0000
0000
0000
0000
0000
0000
0000
0000
0000
0000
0000
0000
0000
0000
0000
0000
0000
0000
0000
0000
0000
0000
0000
0000
0000
0000
0000
0000
ffff
ffff
ffff
0000
0000
0000
0000
0000
0000
0000
0000
0000
0000
0000
0000
0000
0000
0000
0000
0000
0000
0000
0000
0000
0000
0000
0000
0000
0000
0000
0000
0000
0000
0000
0000
0000
0000
0000
0000
0000
0000
0000
0000
0000
0000
0000
0000
0000
0000
0000
0000
0000
0000
0000
0000
0000
0000
0000
0000
0000
0000
0000
0000
0000
0000
0000
0000
0000
0000
0000
0000
0000
0000
0000
0000
0000
0000
0000
0000
0000
0000
0000
0000
0000
0000
0000
0000
0000
0000
0000
0000
0000
0000
0000
0000
0000
0000
0000
0000
0000
0000
0000
0000
0000
0000
0000
0000
0000
0000
0000
0000
0000
0000
0000
0000
0000
0000
0000
0000
0000
0000
0000
0000
0000
0000
0000
0000
0000
0000
0000
0000
0000
0000
0000
0000
0000
0000
0000
0000
0000
0000
0000
0000
0000
0000
0000
0000
0000
0000
0000
0000
0000
0000
0000
0000
0000
0000
0000
0000
0000
0000
0000
0000
0000
0000
0000
0000
0000
0000
0000
0000
0000
0000
0000
0000
0000
0000
0000
0000
0000
0000
0000
0000
0000
0000
0000
0000
0000
0000
0000
0000
0000
0000
0000
0000
0000
0000
0000
0000
0000
0000
0000
0000
0000
0000
0000
0000
0000
0000
0000
0000
0000
0000
0000
0000
0000
0000
0000
0000
0000
0000
0000
0000
0000
0000
0000
0000
0000
0000
0000
0000
0000
0000
0000
0000
0000
0000
0000
0000
0000
0000
0000
0000
0000
0000
0000
0000
0000
0000
0000
0000
0000
0000
0000
0000
0000
0000
0000
0000
0000
0000
0000
0000
0000
0000
0000
0000
0000
0000
0000
0000
0000
0000
0000
0000
0000
0000
0000
0000
0000
0000
0000
0000
0000
0000
0000
0000
0000
0000
0000
0000
0000
0000
0000
0000
0000
0000
0000
0000
0000
0000
0000
0000
0000
0000
0000
0000
0000
0000
0000
0000
0000
0000
0000
0000
0000
0000
0000
0000
0000
0000
0000
0000
0000
0000
0000
0000
0000
0000
0000
0000
0000
0000
0000
0000
0000
0000
0000
0000
0000
0000
0000
0000
0000
0000
0000
0000
0000
0000
0000
0000
0000
0000
0000
0000
0000
0000
0000
0000
0000
0000
0000
0000
0000
0000
0000
0000
0000
0000
0000
0000
0000
0000
0000
0000
0000
0000
0000
0000
0000
0000
0000
0000
0000
0000
0000
0000
0000
0000
0000
0000
0000
0000
0000
0000
0000
0000
0000
0000
0000
0000
0000
0000
0000
0000
0000
0000
0000
0000
0000
0000
0000
0000
0000
0000
0000
0000
0000
0000
0000
0000
0000
0000
0000
0000
0000
0000
0000
0000
0000
0000
0000
0000
0000
0000
0000
0000
0000
0000
0000
0000
0000
0000
0000
0000
0000
0000
0000
0000
0000
0000
0000
0000
0000
0000
0000
0000
0000
0000
0000
0000
0000
0000
0000
0000
0000
0000
0000
0000
0000
0000
0000
0000
0000
0000
0000
0000
0000
0000
0000
0000
0000
0000
0000
0000
0000
0000
0000
0000
0000
0000
0000
0000
0000
0000
0000
0000
0000
0000
0000
0000
0000
0000
0000
0000
0000
0000
0000
0000
0000
0000
0000
0000
0000
0000
0000
0000
0000
0000
0000
0000
0000
0000
0000
0000
0000
0000
0000
0000
0000
0000
0000
0000
0000
0000
0000
0000
0000
0000
0000
0000
0000
0000
0000
0000
0000
0000
0000
0000
0000
0000
0000
0000
0000
0000
0000
0000
0000
0000
0000
0000
0000
0000
0000
0000
0000
0000
0000
0000
0000
0000
0000
0000
0000
0000
0000
0000
0000
0000
0000
0000
0000
0000
0000
0000
0000
0000
0000
0000
0000
0000
0000
0000
0000
0000
0000
0000
0000
0000
0000
0000
0000
0000
0000
0000
0000
0000
0000
0000
0000
0000
0000
0000
0000
0000
0000
0000
0000
0000
0000
0000
0000
0000
0000
0000
0000
0000
0000
0000
0000
0000
0000
0000
0000
0000
0000
0000
0000
0000
0000
0000
0000
0000
0000
0000
0000
0000
0000
0000
0000
0000
0000
0000
0000
0000
0000
0000
0000
0000
0000
0000
0000
0000
0000
0000
0000
0000
0000
0000
0000
0000
0000
0000
0000
0000
0000
0000
0000
0000
0000
0000
0000
0000
0000
0000
0000
0000
0000
0000
0000
0000
0000
0000
0000
0000
0000
0000
0000
0000
0000
0000
0000
0000
0000
0000
0000
0000
0000
0000
0000
0000
0000
0000
0000
0000
0000
0000
0000
0000
0000
0000
0000
0000
0000
0000
0000
0000
0000
0000
0000
0000
0000
0000
0000
0000
0000
0000
0000
0000
0000
0000
0000
0000
0000
0000
0000
0000
0000
0000
0000
